0,0.000795159,-0.0016868,
0,-0.0025586,0.000511516,
0,-0.000642238,0.00163573,
0.000795159,-0.0016868,0.00388979,
-0.0025586,0.000511516,0.0024311,
-0.000642238,0.00163573,0.00075885,
-0.0016868,0.00388979,0.00218862,
0.000511516,0.0024311,0.000238293,
0.00163573,0.00075885,-0.00137953,
0.00388979,0.00218862,0.00126336,
0.0024311,0.000238293,0.00058798,
0.00075885,-0.00137953,-0.00100012,
0.00218862,0.00126336,0.00400699,
0.000238293,0.00058798,-2.86138e-05,
-0.00137953,-0.00100012,0.00129471,
0.00126336,0.00400699,0.00461916,
0.00058798,-2.86138e-05,-0.00349824,
-0.00100012,0.00129471,0.00145015,
0.00400699,0.00461916,-0.00154743,
-2.86138e-05,-0.00349824,-0.00146539,
0.00129471,0.00145015,0.0005831,
0.00461916,-0.00154743,0.000845318,
-0.00349824,-0.00146539,0.0014864,
0.00145015,0.0005831,0.000844392,
-0.00154743,0.000845318,0.00584629,
-0.00146539,0.0014864,-2.03585e-05,
0.0005831,0.000844392,0.00290929,
0.000845318,0.00584629,0.0003031,
0.0014864,-2.03585e-05,-0.00176614,
0.000844392,0.00290929,0.000620332,
0.00584629,0.0003031,-1.61122e-06,
-2.03585e-05,-0.00176614,0.00288606,
0.00290929,0.000620332,0.00063238,
0.0003031,-1.61122e-06,0.000581895,
-0.00176614,0.00288606,0.0020594,
0.000620332,0.00063238,-1.48853e-05,
-1.61122e-06,0.000581895,0.00432336,
0.00288606,0.0020594,-0.00259597,
0.00063238,-1.48853e-05,0.00125772,
0.000581895,0.00432336,0.00394357,
0.0020594,-0.00259597,0.00161965,
-1.48853e-05,0.00125772,-0.000494329,
0.00432336,0.00394357,-5.79402e-05,
-0.00259597,0.00161965,-0.00270424,
0.00125772,-0.000494329,-1.05783e-05,
0.00394357,-5.79402e-05,0.00447427,
0.00161965,-0.00270424,-0.00227959,
-0.000494329,-1.05783e-05,0.00145732,
-5.79402e-05,0.00447427,-0.00348959,
-0.00270424,-0.00227959,-0.000243319,
-1.05783e-05,0.00145732,-0.000493786,
0.00447427,-0.00348959,-0.000382785,
-0.00227959,-0.000243319,-0.00144494,
0.00145732,-0.000493786,-0.00018041,
-0.00348959,-0.000382785,0.000977817,
-0.000243319,-0.00144494,0.00138534,
-0.000493786,-0.00018041,-0.000262422,
-0.000382785,0.000977817,0.00220767,
-0.00144494,0.00138534,0.000469158,
-0.00018041,-0.000262422,-0.000924264,
0.000977817,0.00220767,0.0018722,
0.00138534,0.000469158,0.00168001,
-0.000262422,-0.000924264,5.17332e-05,
0.00220767,0.0018722,0.00253426,
0.000469158,0.00168001,-0.00147795,
-0.000924264,5.17332e-05,-0.000506821,
0.0018722,0.00253426,-0.00343448,
0.00168001,-0.00147795,-0.00342028,
5.17332e-05,-0.000506821,-0.00263515,
0.00253426,-0.00343448,0.00166138,
-0.00147795,-0.00342028,-0.0013413,
-0.000506821,-0.00263515,-5.74366e-05,
-0.00343448,0.00166138,0.00178709,
-0.00342028,-0.0013413,0.00127017,
-0.00263515,-5.74366e-05,-0.000227993,
0.00166138,0.00178709,-5.76237e-05,
-0.0013413,0.00127017,-0.0011693,
-5.74366e-05,-0.000227993,0.00032832,
0.00178709,-5.76237e-05,0.00320618,
0.00127017,-0.0011693,-0.000534317,
-0.000227993,0.00032832,-0.00057055,
-5.76237e-05,0.00320618,0.000590045,
-0.0011693,-0.000534317,0.00259777,
0.00032832,-0.00057055,-0.000581203,
0.00320618,0.000590045,0.00205518,
-0.000534317,0.00259777,-0.000352124,
-0.00057055,-0.000581203,0.00106498,
0.000590045,0.00205518,0.00201269,
0.00259777,-0.000352124,0.00178195,
-0.000581203,0.00106498,-0.000799898,
0.00205518,0.00201269,-0.000465633,
-0.000352124,0.00178195,-0.00266591,
0.00106498,-0.000799898,-0.00100515,
0.00201269,-0.000465633,-5.47621e-05,
0.00178195,-0.00266591,-4.14766e-05,
-0.000799898,-0.00100515,-0.00030359,
-0.000465633,-5.47621e-05,0.00248646,
-0.00266591,-4.14766e-05,0.00165013,
-0.00100515,-0.00030359,-0.00148667,
-5.47621e-05,0.00248646,-0.000512894,
-4.14766e-05,0.00165013,-0.000976588,
-0.00030359,-0.00148667,-0.000173542,
0.00248646,-0.000512894,-0.00264226,
0.00165013,-0.000976588,-0.00108427,
-0.00148667,-0.000173542,0.00142277,
-0.000512894,-0.00264226,0.00216082,
-0.000976588,-0.00108427,0.0036707,
-0.000173542,0.00142277,0.000439701,
-0.00264226,0.00216082,0.00318212,
-0.00108427,0.0036707,0.00262072,
0.00142277,0.000439701,-0.00120591,
0.00216082,0.00318212,0.00239839,
0.0036707,0.00262072,1.57669e-05,
0.000439701,-0.00120591,-0.000700656,
0.00318212,0.00239839,0.000578702,
0.00262072,1.57669e-05,0.0015413,
-0.00120591,-0.000700656,7.46446e-06,
0.00239839,0.000578702,-8.84171e-05,
1.57669e-05,0.0015413,0.0031785,
-0.000700656,7.46446e-06,-0.00054304,
0.000578702,-8.84171e-05,0.00320018,
0.0015413,0.0031785,0.000777401,
7.46446e-06,-0.00054304,0.000837035,
-8.84171e-05,0.00320018,0.000363549,
0.0031785,0.000777401,0.00173867,
-0.00054304,0.000837035,0.000665117,
0.00320018,0.000363549,-0.000530577,
0.000777401,0.00173867,-0.00099565,
0.000837035,0.000665117,-0.000290202,
0.000363549,-0.000530577,0.000515081,
0.00173867,-0.00099565,0.000942428,
0.000665117,-0.000290202,0.000706806,
-0.000530577,0.000515081,3.63552e-05,
-0.00099565,0.000942428,0.00199636,
-0.000290202,0.000706806,-0.000894684,
0.000515081,3.63552e-05,0.00305501,
0.000942428,0.00199636,0.00264004,
0.000706806,-0.000894684,0.000864328,
3.63552e-05,0.00305501,-4.15733e-06,
0.00199636,0.00264004,-0.00112844,
-0.000894684,0.000864328,-0.000231818,
0.00305501,-4.15733e-06,-0.000667927,
0.00264004,-0.00112844,-0.000403733,
0.000864328,-0.000231818,-0.00108767,
-4.15733e-06,-0.000667927,0.00102708,
-0.00112844,-0.000403733,0.00170554,
-0.000231818,-0.00108767,-0.000121168,
-0.000667927,0.00102708,0.000733837,
-0.000403733,0.00170554,0.00218698,
-0.00108767,-0.000121168,-0.000312182,
0.00102708,0.000733837,0.00022669,
0.00170554,0.00218698,0.000189448,
-0.000121168,-0.000312182,0.000549172,
0.000733837,0.00022669,-0.00153503,
0.00218698,0.000189448,-0.00188842,
-0.000312182,0.000549172,4.26151e-05,
0.00022669,-0.00153503,0.000544108,
0.000189448,-0.00188842,-0.00324398,
0.000549172,4.26151e-05,-0.00058633,
-0.00153503,0.000544108,0.00195005,
-0.00188842,-0.00324398,0.00151978,
4.26151e-05,-0.00058633,-1.75694e-05,
0.000544108,0.00195005,2.15904e-06,
-0.00324398,0.00151978,-0.00250276,
-0.00058633,-1.75694e-05,0.000297433,
0.00195005,2.15904e-06,-0.000448705,
0.00151978,-0.00250276,-0.000117726,
-1.75694e-05,0.000297433,6.18862e-05,
2.15904e-06,-0.000448705,-0.000404612,
-0.00250276,-0.000117726,-0.000548697,
0.000297433,6.18862e-05,-0.000187265,
-0.000448705,-0.000404612,-0.00211771,
-0.000117726,-0.000548697,-0.00235769,
6.18862e-05,-0.000187265,-0.00110789,
-0.000404612,-0.00211771,-0.000955451,
-0.000548697,-0.00235769,0.0001699,
-0.000187265,-0.00110789,-0.00019011,
-0.00211771,-0.000955451,-0.00140882,
-0.00235769,0.0001699,-0.00178644,
-0.00110789,-0.00019011,-0.000649661,
-0.000955451,-0.00140882,-0.00305317,
0.0001699,-0.00178644,0.00103456,
-0.00019011,-0.000649661,-0.00195134,
-0.00140882,-0.00305317,-0.000507065,
-0.00178644,0.00103456,0.000699569,
-0.000649661,-0.00195134,-2.11322e-05,
-0.00305317,-0.000507065,-0.000282169,
0.00103456,0.000699569,-0.000258005,
-0.00195134,-2.11322e-05,-0.000949938,
-0.000507065,-0.000282169,0.00166148,
0.000699569,-0.000258005,0.00144202,
-2.11322e-05,-0.000949938,0.000581372,
-0.000282169,0.00166148,0.00123562,
-0.000258005,0.00144202,-0.00210298,
-0.000949938,0.000581372,0.000348647,
0.00166148,0.00123562,-0.000617692,
0.00144202,-0.00210298,-6.86321e-05,
0.000581372,0.000348647,0.000571459,
0.00123562,-0.000617692,-0.000170617,
-0.00210298,-6.86321e-05,-0.0025132,
0.000348647,0.000571459,0.000421835,
-0.000617692,-0.000170617,0.00138144,
-6.86321e-05,-0.0025132,-0.00385291,
0.000571459,0.000421835,-0.00327211,
-0.000170617,0.00138144,0.000920866,
-0.0025132,-0.00385291,-0.00138943,
0.000421835,-0.00327211,-0.000218062,
0.00138144,0.000920866,-0.00182365,
-0.00385291,-0.00138943,-0.00618579,
-0.00327211,-0.000218062,-0.00273881,
0.000920866,-0.00182365,0.00131061,
-0.00138943,-0.00618579,-0.00211136,
-0.000218062,-0.00273881,-0.000252316,
-0.00182365,0.00131061,2.16111e-05,
-0.00618579,-0.00211136,0.00209913,
-0.00273881,-0.000252316,-0.000706099,
0.00131061,2.16111e-05,-0.00265836,
-0.00211136,0.00209913,-0.00246834,
-0.000252316,-0.000706099,-0.00114912,
2.16111e-05,-0.00265836,-0.00111825,
0.00209913,-0.00246834,0.000170733,
-0.000706099,-0.00114912,-0.000714791,
-0.00265836,-0.00111825,-0.00190832,
-0.00246834,0.000170733,-9.92053e-05,
-0.00114912,-0.000714791,-0.000714682,
-0.00111825,-0.00190832,-0.00147242,
0.000170733,-9.92053e-05,0.000916241,
-0.000714791,-0.000714682,-0.000630213,
-0.00190832,-0.00147242,-0.00263617,
-9.92053e-05,0.000916241,-0.00104356,
-0.000714682,-0.000630213,-0.00158532,
-0.00147242,-0.00263617,-0.001127,
0.000916241,-0.00104356,0.00116657,
-0.000630213,-0.00158532,0.000192714,
-0.00263617,-0.001127,-0.000600485,
-0.00104356,0.00116657,0.000542808,
-0.00158532,0.000192714,-0.000885133,
-0.001127,-0.000600485,0.000779628,
0.00116657,0.000542808,-1.68315e-05,
0.000192714,-0.000885133,0.000263938,
-0.000600485,0.000779628,-0.00326563,
0.000542808,-1.68315e-05,-0.00134678,
-0.000885133,0.000263938,1.95588e-05,
0.000779628,-0.00326563,-0.00124959,
-1.68315e-05,-0.00134678,-0.000667228,
0.000263938,1.95588e-05,-0.000753211,
-0.00326563,-0.00124959,-0.00164707,
-0.00134678,-0.000667228,-0.0013586,
1.95588e-05,-0.000753211,-0.000727694,
-0.00124959,-0.00164707,-0.00224546,
-0.000667228,-0.0013586,-0.000841117,
-0.000753211,-0.000727694,-0.00201935,
-0.00164707,-0.00224546,0.000533852,
-0.0013586,-0.000841117,-0.0028216,
-0.000727694,-0.00201935,-0.000450576,
-0.00224546,0.000533852,-0.00118843,
-0.000841117,-0.0028216,-5.82133e-05,
-0.00201935,-0.000450576,-0.000450986,
0.000533852,-0.00118843,-0.0038957,
-0.0028216,-5.82133e-05,-0.0034934,
-0.000450576,-0.000450986,-0.00123195,
-0.00118843,-0.0038957,-0.000523768,
-5.82133e-05,-0.0034934,-0.00190547,
-0.000450986,-0.00123195,0.000316663,
-0.0038957,-0.000523768,0.00302331,
-0.0034934,-0.00190547,-0.00382259,
-0.00123195,0.000316663,-0.000407299,
-0.000523768,0.00302331,0.000727107,
-0.00190547,-0.00382259,-0.00333323,
0.000316663,-0.000407299,4.30669e-05,
0.00302331,0.000727107,0.00246434,
-0.00382259,-0.00333323,-0.00326215,
-0.000407299,4.30669e-05,-0.000644745,
0.000727107,0.00246434,-0.00172711,
-0.00333323,-0.00326215,-0.00157275,
4.30669e-05,-0.000644745,-0.00127139,
0.00246434,-0.00172711,-1.20698e-05,
-0.00326215,-0.00157275,-0.00499979,
-0.000644745,-0.00127139,-0.000206956,
-0.00172711,-1.20698e-05,-0.00146789,
-0.00157275,-0.00499979,-0.00385029,
-0.00127139,-0.000206956,-0.00211259,
-1.20698e-05,-0.00146789,-8.21721e-05,
-0.00499979,-0.00385029,-0.00378189,
-0.000206956,-0.00211259,-0.000869549,
-0.00146789,-8.21721e-05,4.07615e-05,
-0.00385029,-0.00378189,-0.00383141,
-0.00211259,-0.000869549,0.000343084,
-8.21721e-05,4.07615e-05,-0.000436804,
-0.00378189,-0.00383141,-0.00505401,
-0.000869549,0.000343084,-0.000601311,
4.07615e-05,-0.000436804,-0.000229764,
-0.00383141,-0.00505401,-0.000131026,
0.000343084,-0.000601311,-0.00102072,
-0.000436804,-0.000229764,0.000246733,
-0.00505401,-0.000131026,-0.000888009,
-0.000601311,-0.00102072,-0.000427177,
-0.000229764,0.000246733,0.00263578,
-0.000131026,-0.000888009,-0.00449977,
-0.00102072,-0.000427177,-0.000929219,
0.000246733,0.00263578,0.000570846,
-0.000888009,-0.00449977,-0.00369572,
-0.000427177,-0.000929219,-0.000289425,
0.00263578,0.000570846,0.00114906,
-0.00449977,-0.00369572,-0.0083962,
-0.000929219,-0.000289425,-0.000173274,
0.000570846,0.00114906,0.00149447,
-0.00369572,-0.0083962,-0.00777249,
-0.000289425,-0.000173274,0.000161637,
0.00114906,0.00149447,0.00179478,
-0.0083962,-0.00777249,-0.0120762,
-0.000173274,0.000161637,0.000916419,
0.00149447,0.00179478,0.000381622,
-0.00777249,-0.0120762,-0.0155897,
0.000161637,0.000916419,0.00622506,
0.00179478,0.000381622,2.11886e-05,
-0.0120762,-0.0155897,-0.0210854,
0.000916419,0.00622506,0.0078843,
0.000381622,2.11886e-05,-0.00395067,
-0.0155897,-0.0210854,-0.0335624,
0.00622506,0.0078843,0.0114541,
2.11886e-05,-0.00395067,-0.00817827,
-0.0210854,-0.0335624,-0.0431631,
0.0078843,0.0114541,0.0162981,
-0.00395067,-0.00817827,-0.004627,
-0.0335624,-0.0431631,-0.0575879,
0.0114541,0.0162981,0.0198986,
-0.00817827,-0.004627,-0.00826993,
-0.0431631,-0.0575879,-0.0742855,
0.0162981,0.0198986,0.0224288,
-0.004627,-0.00826993,-0.0115837,
-0.0575879,-0.0742855,-0.093538,
0.0198986,0.0224288,0.0237787,
-0.00826993,-0.0115837,-0.0122853,
-0.0742855,-0.093538,-0.11722,
0.0224288,0.0237787,0.0251713,
-0.0115837,-0.0122853,-0.0128867,
-0.093538,-0.11722,-0.139429,
0.0237787,0.0251713,0.0234252,
-0.0122853,-0.0128867,-0.00770887,
-0.11722,-0.139429,-0.144845,
0.0251713,0.0234252,0.0197678,
-0.0128867,-0.00770887,-0.0156518,
-0.139429,-0.144845,-0.16149,
0.0234252,0.0197678,0.0278716,
-0.00770887,-0.0156518,-0.0175582,
-0.144845,-0.16149,-0.168063,
0.0197678,0.0278716,0.032971,
-0.0156518,-0.0175582,-0.0157366,
-0.16149,-0.168063,-0.1706,
0.0278716,0.032971,0.041005,
-0.0175582,-0.0157366,-0.0207992,
-0.168063,-0.1706,-0.172453,
0.032971,0.041005,0.0487818,
-0.0157366,-0.0207992,-0.025396,
-0.1706,-0.172453,-0.168551,
0.041005,0.0487818,0.0541918,
-0.0207992,-0.025396,-0.0242646,
-0.172453,-0.168551,-0.167584,
0.0487818,0.0541918,0.0591657,
-0.025396,-0.0242646,-0.028177,
-0.168551,-0.167584,-0.163917,
0.0541918,0.0591657,0.0665266,
-0.0242646,-0.028177,-0.026303,
-0.167584,-0.163917,-0.166663,
0.0591657,0.0665266,0.0685524,
-0.028177,-0.026303,-0.0291655,
-0.163917,-0.166663,-0.166294,
0.0665266,0.0685524,0.0728412,
-0.026303,-0.0291655,-0.0212567,
-0.166663,-0.166294,-0.161409,
0.0685524,0.0728412,0.072512,
-0.0291655,-0.0212567,-0.0285884,
-0.166294,-0.161409,-0.170323,
0.0728412,0.072512,0.0782605,
-0.0212567,-0.0285884,-0.0290509,
-0.161409,-0.170323,-0.174143,
0.072512,0.0782605,0.0803267,
-0.0285884,-0.0290509,-0.0278985,
-0.170323,-0.174143,-0.174778,
0.0782605,0.0803267,0.0785426,
-0.0290509,-0.0278985,-0.0278558,
-0.174143,-0.174778,-0.1794,
0.0803267,0.0785426,0.0794309,
-0.0278985,-0.0278558,-0.028184,
-0.174778,-0.1794,-0.183123,
0.0785426,0.0794309,0.0798079,
-0.0278558,-0.028184,-0.0279275,
-0.1794,-0.183123,-0.19081,
0.0794309,0.0798079,0.0782955,
-0.028184,-0.0279275,-0.0274523,
-0.183123,-0.19081,-0.195091,
0.0798079,0.0782955,0.0773306,
-0.0279275,-0.0274523,-0.0275403,
-0.19081,-0.195091,-0.203329,
0.0782955,0.0773306,0.0742855,
-0.0274523,-0.0275403,-0.02848,
-0.195091,-0.203329,-0.210359,
0.0773306,0.0742855,0.0738859,
-0.0275403,-0.02848,-0.0258724,
-0.203329,-0.210359,-0.217182,
0.0742855,0.0738859,0.0708736,
-0.02848,-0.0258724,-0.027327,
-0.210359,-0.217182,-0.223881,
0.0738859,0.0708736,0.0693099,
-0.0258724,-0.027327,-0.0235359,
-0.217182,-0.223881,-0.23234,
0.0708736,0.0693099,0.0668095,
-0.027327,-0.0235359,-0.0206907,
-0.223881,-0.23234,-0.23661,
0.0693099,0.0668095,0.0629516,
-0.0235359,-0.0206907,-0.0224553,
-0.23234,-0.23661,-0.240041,
0.0668095,0.0629516,0.0657012,
-0.0206907,-0.0224553,-0.0192869,
-0.23661,-0.240041,-0.253397,
0.0629516,0.0657012,0.0683683,
-0.0224553,-0.0192869,-0.014182,
-0.240041,-0.253397,-0.260438,
0.0657012,0.0683683,0.0695238,
-0.0192869,-0.014182,-0.0202292,
-0.253397,-0.260438,-0.277513,
0.0683683,0.0695238,0.0749985,
-0.014182,-0.0202292,-0.021282,
-0.260438,-0.277513,-0.2857,
0.0695238,0.0749985,0.0785874,
-0.0202292,-0.021282,-0.0240844,
-0.277513,-0.2857,-0.297026,
0.0749985,0.0785874,0.0826151,
-0.021282,-0.0240844,-0.0263347,
-0.2857,-0.297026,-0.312428,
0.0785874,0.0826151,0.0882035,
-0.0240844,-0.0263347,-0.0268054,
-0.297026,-0.312428,-0.317412,
0.0826151,0.0882035,0.0896269,
-0.0263347,-0.0268054,-0.0327042,
-0.312428,-0.317412,-0.339692,
0.0882035,0.0896269,0.102791,
-0.0268054,-0.0327042,-0.0337692,
-0.317412,-0.339692,-0.348852,
0.0896269,0.102791,0.109106,
-0.0327042,-0.0337692,-0.0397543,
-0.339692,-0.348852,-0.35929,
0.102791,0.109106,0.11914,
-0.0337692,-0.0397543,-0.0406269,
-0.348852,-0.35929,-0.368014,
0.109106,0.11914,0.122535,
-0.0397543,-0.0406269,-0.0510741,
-0.35929,-0.368014,-0.374897,
0.11914,0.122535,0.130832,
-0.0406269,-0.0510741,-0.0466555,
-0.368014,-0.374897,-0.390681,
0.122535,0.130832,0.139408,
-0.0510741,-0.0466555,-0.0495937,
-0.374897,-0.390681,-0.400595,
0.130832,0.139408,0.146487,
-0.0466555,-0.0495937,-0.0536848,
-0.390681,-0.400595,-0.406208,
0.139408,0.146487,0.155279,
-0.0495937,-0.0536848,-0.0523072,
-0.400595,-0.406208,-0.42873,
0.146487,0.155279,0.155475,
-0.0536848,-0.0523072,-0.0585535,
-0.406208,-0.42873,-0.425192,
0.155279,0.155475,0.172453,
-0.0523072,-0.0585535,-0.0614717,
-0.42873,-0.425192,-0.436311,
0.155475,0.172453,0.179546,
-0.0585535,-0.0614717,-0.0633625,
-0.425192,-0.436311,-0.438594,
0.172453,0.179546,0.189212,
-0.0614717,-0.0633625,-0.0644087,
-0.436311,-0.438594,-0.452826,
0.179546,0.189212,0.200032,
-0.0633625,-0.0644087,-0.0682123,
-0.438594,-0.452826,-0.454494,
0.189212,0.200032,0.208433,
-0.0644087,-0.0682123,-0.0743657,
-0.452826,-0.454494,-0.468082,
0.200032,0.208433,0.218572,
-0.0682123,-0.0743657,-0.071023,
-0.454494,-0.468082,-0.464156,
0.208433,0.218572,0.220504,
-0.0743657,-0.071023,-0.0768584,
-0.468082,-0.464156,-0.466751,
0.218572,0.220504,0.235592,
-0.071023,-0.0768584,-0.0820462,
-0.464156,-0.466751,-0.486119,
0.220504,0.235592,0.245764,
-0.0768584,-0.0820462,-0.0818006,
-0.466751,-0.486119,-0.486888,
0.235592,0.245764,0.255439,
-0.0820462,-0.0818006,-0.0820012,
-0.486119,-0.486888,-0.49215,
0.245764,0.255439,0.26777,
-0.0818006,-0.0820012,-0.0772376,
-0.486888,-0.49215,-0.498223,
0.255439,0.26777,0.272244,
-0.0820012,-0.0772376,-0.0830025,
-0.49215,-0.498223,-0.501962,
0.26777,0.272244,0.290742,
-0.0772376,-0.0830025,-0.0810561,
-0.498223,-0.501962,-0.507709,
0.272244,0.290742,0.297783,
-0.0830025,-0.0810561,-0.0843228,
-0.501962,-0.507709,-0.508835,
0.290742,0.297783,0.311506,
-0.0810561,-0.0843228,-0.0867733,
-0.507709,-0.508835,-0.506955,
0.297783,0.311506,0.32116,
-0.0843228,-0.0867733,-0.0919993,
-0.508835,-0.506955,-0.514671,
0.311506,0.32116,0.342477,
-0.0867733,-0.0919993,-0.0835903,
-0.506955,-0.514671,-0.517413,
0.32116,0.342477,0.354611,
-0.0919993,-0.0835903,-0.0849649,
-0.514671,-0.517413,-0.517862,
0.342477,0.354611,0.368418,
-0.0835903,-0.0849649,-0.0835177,
-0.517413,-0.517862,-0.51996,
0.354611,0.368418,0.380058,
-0.0849649,-0.0835177,-0.0787342,
-0.517862,-0.51996,-0.520866,
0.368418,0.380058,0.389605,
-0.0835177,-0.0787342,-0.0845554,
-0.51996,-0.520866,-0.517853,
0.380058,0.389605,0.407707,
-0.0787342,-0.0845554,-0.0818592,
-0.520866,-0.517853,-0.517888,
0.389605,0.407707,0.422454,
-0.0845554,-0.0818592,-0.0801597,
-0.517853,-0.517888,-0.52109,
0.407707,0.422454,0.439176,
-0.0818592,-0.0801597,-0.0727899,
-0.517888,-0.52109,-0.521458,
0.422454,0.439176,0.450728,
-0.0801597,-0.0727899,-0.0760478,
-0.52109,-0.521458,-0.527465,
0.439176,0.450728,0.471559,
-0.0727899,-0.0760478,-0.0785668,
-0.521458,-0.527465,-0.537017,
0.450728,0.471559,0.488561,
-0.0760478,-0.0785668,-0.0649054,
-0.527465,-0.537017,-0.532755,
0.471559,0.488561,0.486388,
-0.0785668,-0.0649054,-0.0703341,
-0.537017,-0.532755,-0.523918,
0.488561,0.486388,0.516457,
-0.0649054,-0.0703341,-0.0724018,
-0.532755,-0.523918,-0.531052,
0.486388,0.516457,0.537095,
-0.0703341,-0.0724018,-0.0643614,
-0.523918,-0.531052,-0.528368,
0.516457,0.537095,0.557466,
-0.0724018,-0.0643614,-0.0578854,
-0.531052,-0.528368,-0.528132,
0.537095,0.557466,0.568122,
-0.0643614,-0.0578854,-0.0649017,
-0.528368,-0.528132,-0.537273,
0.557466,0.568122,0.597549,
-0.0578854,-0.0649017,-0.0639965,
-0.528132,-0.537273,-0.536862,
0.568122,0.597549,0.614198,
-0.0649017,-0.0639965,-0.0592901,
-0.537273,-0.536862,-0.53163,
0.597549,0.614198,0.632971,
-0.0639965,-0.0592901,-0.0582077,
-0.536862,-0.53163,-0.535801,
0.614198,0.632971,0.65817,
-0.0592901,-0.0582077,-0.0565838,
-0.53163,-0.535801,-0.535468,
0.632971,0.65817,0.672219,
-0.0582077,-0.0565838,-0.0553258,
-0.535801,-0.535468,-0.536085,
0.65817,0.672219,0.698743,
-0.0565838,-0.0553258,-0.0531474,
-0.535468,-0.536085,-0.539105,
0.672219,0.698743,0.720411,
-0.0553258,-0.0531474,-0.0529266,
-0.536085,-0.539105,-0.543069,
0.698743,0.720411,0.737131,
-0.0531474,-0.0529266,-0.0472376,
-0.539105,-0.543069,-0.542434,
0.720411,0.737131,0.756115,
-0.0529266,-0.0472376,-0.0518961,
-0.543069,-0.542434,-0.534676,
0.737131,0.756115,0.792266,
-0.0472376,-0.0518961,-0.0477587,
-0.542434,-0.534676,-0.542961,
0.756115,0.792266,0.800511,
-0.0518961,-0.0477587,-0.0465061,
-0.534676,-0.542961,-0.545558,
0.792266,0.800511,0.817131,
-0.0477587,-0.0465061,-0.0461526,
-0.542961,-0.545558,-0.534625,
0.800511,0.817131,0.847531,
-0.0465061,-0.0461526,-0.0438541,
-0.545558,-0.534625,-0.550207,
0.817131,0.847531,0.851211,
-0.0461526,-0.0438541,-0.0433369,
-0.534625,-0.550207,-0.540768,
0.847531,0.851211,0.879544,
-0.0438541,-0.0433369,-0.0449464,
-0.550207,-0.540768,-0.537506,
0.851211,0.879544,0.905539,
-0.0433369,-0.0449464,-0.045243,
-0.540768,-0.537506,-0.53524,
0.879544,0.905539,0.912081,
-0.0449464,-0.045243,-0.0431614,
-0.537506,-0.53524,-0.536773,
0.905539,0.912081,0.928261,
-0.045243,-0.0431614,-0.0423842,
-0.53524,-0.536773,-0.536272,
0.912081,0.928261,0.935426,
-0.0431614,-0.0423842,-0.0425566,
-0.536773,-0.536272,-0.534655,
0.928261,0.935426,0.949636,
-0.0423842,-0.0425566,-0.043012,
-0.536272,-0.534655,-0.536774,
0.935426,0.949636,0.960238,
-0.0425566,-0.043012,-0.0442374,
-0.534655,-0.536774,-0.538669,
0.949636,0.960238,0.973816,
-0.043012,-0.0442374,-0.0415574,
-0.536774,-0.538669,-0.535136,
0.960238,0.973816,0.990368,
-0.0442374,-0.0415574,-0.0416574,
-0.538669,-0.535136,-0.535688,
0.973816,0.990368,1.00117,
-0.0415574,-0.0416574,-0.0407518,
-0.535136,-0.535688,-0.536662,
0.990368,1.00117,1.01449,
-0.0416574,-0.0407518,-0.039915,
-0.535688,-0.536662,-0.537892,
1.00117,1.01449,1.02782,
-0.0407518,-0.039915,-0.0382878,
-0.536662,-0.537892,-0.53902,
1.01449,1.02782,1.039,
-0.039915,-0.0382878,-0.0385369,
-0.537892,-0.53902,-0.532101,
1.02782,1.039,1.05484,
-0.0382878,-0.0385369,-0.0376945,
-0.53902,-0.532101,-0.534105,
1.039,1.05484,1.06587,
-0.0385369,-0.0376945,-0.032342,
-0.532101,-0.534105,-0.535416,
1.05484,1.06587,1.08154,
-0.0376945,-0.032342,-0.0300215,
-0.534105,-0.535416,-0.535901,
1.06587,1.08154,1.08947,
-0.032342,-0.0300215,-0.0303139,
-0.535416,-0.535901,-0.537069,
1.08154,1.08947,1.10731,
-0.0300215,-0.0303139,-0.0260843,
-0.535901,-0.537069,-0.529912,
1.08947,1.10731,1.12162,
-0.0303139,-0.0260843,-0.0252925,
-0.537069,-0.529912,-0.527879,
1.10731,1.12162,1.13008,
-0.0260843,-0.0252925,-0.0184048,
-0.529912,-0.527879,-0.535587,
1.12162,1.13008,1.13798,
-0.0252925,-0.0184048,-0.0132368,
-0.527879,-0.535587,-0.53315,
1.13008,1.13798,1.14919,
-0.0184048,-0.0132368,-0.00665689,
-0.535587,-0.53315,-0.53025,
1.13798,1.14919,1.15497,
-0.0132368,-0.00665689,0.00023928,
-0.53315,-0.53025,-0.534604,
1.14919,1.15497,1.16401,
-0.00665689,0.00023928,0.00670149,
-0.53025,-0.534604,-0.529511,
1.15497,1.16401,1.16831,
0.00023928,0.00670149,0.0150183,
-0.534604,-0.529511,-0.52724,
1.16401,1.16831,1.17573,
0.00670149,0.0150183,0.0247436,
-0.529511,-0.52724,-0.5216,
1.16831,1.17573,1.17591,
0.0150183,0.0247436,0.0338554,
-0.52724,-0.5216,-0.52461,
1.17573,1.17591,1.18828,
0.0247436,0.0338554,0.0379159,
-0.5216,-0.52461,-0.529554,
1.17591,1.18828,1.18799,
0.0338554,0.0379159,0.0494646,
-0.52461,-0.529554,-0.524601,
1.18828,1.18799,1.20323,
0.0379159,0.0494646,0.0570538,
-0.529554,-0.524601,-0.527383,
1.18799,1.20323,1.20249,
0.0494646,0.0570538,0.0663741,
-0.524601,-0.527383,-0.52489,
1.20323,1.20249,1.21383,
0.0570538,0.0663741,0.0774154,
-0.527383,-0.52489,-0.526444,
1.20249,1.21383,1.22016,
0.0663741,0.0774154,0.0867586,
-0.52489,-0.526444,-0.526401,
1.21383,1.22016,1.22283,
0.0774154,0.0867586,0.0899999,
-0.526444,-0.526401,-0.520941,
1.22016,1.22283,1.22219,
0.0867586,0.0899999,0.10012,
-0.526401,-0.520941,-0.525625,
1.22283,1.22219,1.21522,
0.0899999,0.10012,0.109189,
-0.520941,-0.525625,-0.529581,
1.22219,1.21522,1.22957,
0.10012,0.109189,0.114149,
-0.525625,-0.529581,-0.535145,
1.21522,1.22957,1.2303,
0.109189,0.114149,0.118131,
-0.529581,-0.535145,-0.538835,
1.22957,1.2303,1.23534,
0.114149,0.118131,0.11936,
-0.535145,-0.538835,-0.541276,
1.2303,1.23534,1.23255,
0.118131,0.11936,0.121782,
-0.538835,-0.541276,-0.552608,
1.23534,1.23255,1.23972,
0.11936,0.121782,0.121243,
-0.541276,-0.552608,-0.562955,
1.23255,1.23972,1.23067,
0.121782,0.121243,0.111661,
-0.552608,-0.562955,-0.579055,
1.23972,1.23067,1.22347,
0.121243,0.111661,0.121309,
-0.562955,-0.579055,-0.588447,
1.23067,1.22347,1.21704,
0.111661,0.121309,0.131876,
-0.579055,-0.588447,-0.609374,
1.22347,1.21704,1.21436,
0.121309,0.131876,0.126692,
-0.588447,-0.609374,-0.625334,
1.21704,1.21436,1.19635,
0.131876,0.126692,0.132064,
-0.609374,-0.625334,-0.648269,
1.21436,1.19635,1.19086,
0.126692,0.132064,0.130498,
-0.625334,-0.648269,-0.665751,
1.19635,1.19086,1.16935,
0.132064,0.130498,0.136874,
-0.648269,-0.665751,-0.677056,
1.19086,1.16935,1.16076,
0.130498,0.136874,0.144742,
-0.665751,-0.677056,-0.695258,
1.16935,1.16076,1.14534,
0.136874,0.144742,0.147095,
-0.677056,-0.695258,-0.698097,
1.16076,1.14534,1.13373,
0.144742,0.147095,0.154458,
-0.695258,-0.698097,-0.713046,
1.14534,1.13373,1.11657,
0.147095,0.154458,0.159823,
-0.698097,-0.713046,-0.725441,
1.13373,1.11657,1.10814,
0.154458,0.159823,0.15882,
-0.713046,-0.725441,-0.737154,
1.11657,1.10814,1.08058,
0.159823,0.15882,0.175951,
-0.725441,-0.737154,-0.742758,
1.10814,1.08058,1.07534,
0.15882,0.175951,0.177333,
-0.737154,-0.742758,-0.752204,
1.08058,1.07534,1.06135,
0.175951,0.177333,0.187794,
-0.742758,-0.752204,-0.758419,
1.07534,1.06135,1.04888,
0.177333,0.187794,0.192373,
-0.752204,-0.758419,-0.770181,
1.06135,1.04888,1.02261,
0.187794,0.192373,0.206964,
-0.758419,-0.770181,-0.77967,
1.04888,1.02261,1.02452,
0.192373,0.206964,0.219517,
-0.770181,-0.77967,-0.781578,
1.02261,1.02452,1.00726,
0.206964,0.219517,0.227856,
-0.77967,-0.781578,-0.795281,
1.02452,1.00726,0.995485,
0.219517,0.227856,0.239006,
-0.781578,-0.795281,-0.802682,
1.00726,0.995485,0.980995,
0.227856,0.239006,0.245915,
-0.795281,-0.802682,-0.793436,
0.995485,0.980995,0.961657,
0.239006,0.245915,0.266681,
-0.802682,-0.793436,-0.809559,
0.980995,0.961657,0.962694,
0.245915,0.266681,0.28072,
-0.793436,-0.809559,-0.806521,
0.961657,0.962694,0.942766,
0.266681,0.28072,0.297164,
-0.809559,-0.806521,-0.814774,
0.962694,0.942766,0.932746,
0.28072,0.297164,0.299638,
-0.806521,-0.814774,-0.820046,
0.942766,0.932746,0.904805,
0.297164,0.299638,0.311118,
-0.814774,-0.820046,-0.837094,
0.932746,0.904805,0.902399,
0.299638,0.311118,0.350823,
-0.820046,-0.837094,-0.83192,
0.904805,0.902399,0.903022,
0.311118,0.350823,0.364367,
-0.837094,-0.83192,-0.842019,
0.902399,0.903022,0.897069,
0.350823,0.364367,0.3633,
-0.83192,-0.842019,-0.83811,
0.903022,0.897069,0.871439,
0.364367,0.3633,0.381996,
-0.842019,-0.83811,-0.84051,
0.897069,0.871439,0.864949,
0.3633,0.381996,0.397462,
-0.83811,-0.84051,-0.843052,
0.871439,0.864949,0.857004,
0.381996,0.397462,0.41034,
-0.84051,-0.843052,-0.842314,
0.864949,0.857004,0.845997,
0.397462,0.41034,0.424074,
-0.843052,-0.842314,-0.843187,
0.857004,0.845997,0.835959,
0.41034,0.424074,0.442486,
-0.842314,-0.843187,-0.849175,
0.845997,0.835959,0.829342,
0.424074,0.442486,0.45942,
-0.843187,-0.849175,-0.852047,
0.835959,0.829342,0.823559,
0.442486,0.45942,0.476247,
-0.849175,-0.852047,-0.855494,
0.829342,0.823559,0.816831,
0.45942,0.476247,0.494547,
-0.852047,-0.855494,-0.855412,
0.823559,0.816831,0.80837,
0.476247,0.494547,0.508687,
-0.855494,-0.855412,-0.85892,
0.816831,0.80837,0.800453,
0.494547,0.508687,0.52805,
-0.855412,-0.85892,-0.862834,
0.80837,0.800453,0.798382,
0.508687,0.52805,0.543794,
-0.85892,-0.862834,-0.87782,
0.800453,0.798382,0.790623,
0.52805,0.543794,0.550144,
-0.862834,-0.87782,-0.887851,
0.798382,0.790623,0.791416,
0.543794,0.550144,0.584191,
-0.87782,-0.887851,-0.882666,
0.790623,0.791416,0.791095,
0.550144,0.584191,0.599301,
-0.887851,-0.882666,-0.889689,
0.791416,0.791095,0.780928,
0.584191,0.599301,0.605739,
-0.882666,-0.889689,-0.891679,
0.791095,0.780928,0.775003,
0.599301,0.605739,0.633734,
-0.889689,-0.891679,-0.89888,
0.780928,0.775003,0.770686,
0.605739,0.633734,0.643269,
-0.891679,-0.89888,-0.908753,
0.775003,0.770686,0.763144,
0.633734,0.643269,0.648227,
-0.89888,-0.908753,-0.911599,
0.770686,0.763144,0.751179,
0.643269,0.648227,0.658459,
-0.908753,-0.911599,-0.911154,
0.763144,0.751179,0.741409,
0.648227,0.658459,0.693296,
-0.911599,-0.911154,-0.925201,
0.751179,0.741409,0.7417,
0.658459,0.693296,0.686787,
-0.911154,-0.925201,-0.922038,
0.741409,0.7417,0.719416,
0.693296,0.686787,0.717964,
-0.925201,-0.922038,-0.937365,
0.7417,0.719416,0.712136,
0.686787,0.717964,0.712294,
-0.922038,-0.937365,-0.93275,
0.719416,0.712136,0.685698,
0.717964,0.712294,0.733876,
-0.937365,-0.93275,-0.926879,
0.712136,0.685698,0.681073,
0.712294,0.733876,0.740547,
-0.93275,-0.926879,-0.93674,
0.685698,0.681073,0.672381,
0.733876,0.740547,0.74853,
-0.926879,-0.93674,-0.940411,
0.681073,0.672381,0.669327,
0.740547,0.74853,0.749777,
-0.93674,-0.940411,-0.937709,
0.672381,0.669327,0.653538,
0.74853,0.749777,0.776965,
-0.940411,-0.937709,-0.950726,
0.669327,0.653538,0.64281,
0.749777,0.776965,0.763814,
-0.937709,-0.950726,-0.907066,
0.653538,0.64281,0.637108,
0.776965,0.763814,0.752566,
-0.950726,-0.907066,-0.903533,
0.64281,0.637108,0.630078,
0.763814,0.752566,0.785591,
-0.907066,-0.903533,-0.921,
0.637108,0.630078,0.628636,
0.752566,0.785591,0.792122,
-0.903533,-0.921,-0.913635,
0.630078,0.628636,0.617584,
0.785591,0.792122,0.787245,
-0.921,-0.913635,-0.890546,
0.628636,0.617584,0.617297,
0.792122,0.787245,0.794768,
-0.913635,-0.890546,-0.912004,
0.617584,0.617297,0.609721,
0.787245,0.794768,0.796315,
-0.890546,-0.912004,-0.906174,
0.617297,0.609721,0.595566,
0.794768,0.796315,0.800895,
-0.912004,-0.906174,-0.917251,
0.609721,0.595566,0.591465,
0.796315,0.800895,0.800899,
-0.906174,-0.917251,-0.921268,
0.595566,0.591465,0.580426,
0.800895,0.800899,0.802752,
-0.917251,-0.921268,-0.92674,
0.591465,0.580426,0.569421,
0.800899,0.802752,0.799047,
-0.921268,-0.92674,-0.919537,
0.580426,0.569421,0.554127,
0.802752,0.799047,0.799237,
-0.92674,-0.919537,-0.927105,
0.569421,0.554127,0.550076,
0.799047,0.799237,0.799862,
-0.919537,-0.927105,-0.922382,
0.554127,0.550076,0.541917,
0.799237,0.799862,0.797514,
-0.927105,-0.922382,-0.918672,
0.550076,0.541917,0.534823,
0.799862,0.797514,0.797576,
-0.922382,-0.918672,-0.911067,
0.541917,0.534823,0.529362,
0.797514,0.797576,0.795137,
-0.918672,-0.911067,-0.895615,
0.534823,0.529362,0.522435,
0.797576,0.795137,0.793094,
-0.911067,-0.895615,-0.881448,
0.529362,0.522435,0.521469,
0.795137,0.793094,0.790724,
-0.895615,-0.881448,-0.866729,
0.522435,0.521469,0.517713,
0.793094,0.790724,0.793938,
-0.881448,-0.866729,-0.846689,
0.521469,0.517713,0.520236,
0.790724,0.793938,0.789437,
-0.866729,-0.846689,-0.83412,
0.517713,0.520236,0.513613,
0.793938,0.789437,0.790196,
-0.846689,-0.83412,-0.81859,
0.520236,0.513613,0.510691,
0.789437,0.790196,0.787348,
-0.83412,-0.81859,-0.800365,
0.513613,0.510691,0.510587,
0.790196,0.787348,0.789127,
-0.81859,-0.800365,-0.785919,
0.510691,0.510587,0.510313,
0.787348,0.789127,0.790306,
-0.800365,-0.785919,-0.761887,
0.510587,0.510313,0.507887,
0.789127,0.790306,0.790175,
-0.785919,-0.761887,-0.745821,
0.510313,0.507887,0.509931,
0.790306,0.790175,0.790843,
-0.761887,-0.745821,-0.727935,
0.507887,0.509931,0.510069,
0.790175,0.790843,0.794506,
-0.745821,-0.727935,-0.709122,
0.509931,0.510069,0.510951,
0.790843,0.794506,0.798134,
-0.727935,-0.709122,-0.688742,
0.510069,0.510951,0.512716,
0.794506,0.798134,0.802069,
-0.709122,-0.688742,-0.674468,
0.510951,0.512716,0.516814,
0.798134,0.802069,0.805899,
-0.688742,-0.674468,-0.650873,
0.512716,0.516814,0.516659,
0.802069,0.805899,0.812236,
-0.674468,-0.650873,-0.631909,
0.516814,0.516659,0.517525,
0.805899,0.812236,0.816408,
-0.650873,-0.631909,-0.621612,
0.516659,0.517525,0.520981,
0.812236,0.816408,0.826654,
-0.631909,-0.621612,-0.610969,
0.517525,0.520981,0.517111,
0.816408,0.826654,0.835475,
-0.621612,-0.610969,-0.593446,
0.520981,0.517111,0.517245,
0.826654,0.835475,0.836728,
-0.610969,-0.593446,-0.593646,
0.517111,0.517245,0.509348,
0.835475,0.836728,0.855445,
-0.593446,-0.593646,-0.590728,
0.517245,0.509348,0.507208,
0.836728,0.855445,0.863736,
-0.593646,-0.590728,-0.591867,
0.509348,0.507208,0.497614,
0.855445,0.863736,0.876637,
-0.590728,-0.591867,-0.585235,
0.507208,0.497614,0.491189,
0.863736,0.876637,0.890124,
-0.591867,-0.585235,-0.591672,
0.497614,0.491189,0.485095,
0.876637,0.890124,0.901401,
-0.585235,-0.591672,-0.59316,
0.491189,0.485095,0.477522,
0.890124,0.901401,0.918712,
-0.591672,-0.59316,-0.600631,
0.485095,0.477522,0.47006,
0.901401,0.918712,0.930401,
-0.59316,-0.600631,-0.610789,
0.477522,0.47006,0.461902,
0.918712,0.930401,0.947111,
-0.600631,-0.610789,-0.611082,
0.47006,0.461902,0.455615,
0.930401,0.947111,0.96475,
-0.610789,-0.611082,-0.601586,
0.461902,0.455615,0.444416,
0.947111,0.96475,0.982956,
-0.611082,-0.601586,-0.610987,
0.455615,0.444416,0.438194,
0.96475,0.982956,1.00199,
-0.601586,-0.610987,-0.612648,
0.444416,0.438194,0.429318,
0.982956,1.00199,1.01973,
-0.610987,-0.612648,-0.60938,
0.438194,0.429318,0.41963,
1.00199,1.01973,1.04045,
-0.612648,-0.60938,-0.612907,
0.429318,0.41963,0.409823,
1.01973,1.04045,1.05799,
-0.60938,-0.612907,-0.607321,
0.41963,0.409823,0.397404,
1.04045,1.05799,1.0767,
-0.612907,-0.607321,-0.610549,
0.409823,0.397404,0.389525,
1.05799,1.0767,1.09814,
-0.607321,-0.610549,-0.59756,
0.397404,0.389525,0.373692,
1.0767,1.09814,1.12617,
-0.610549,-0.59756,-0.593611,
0.389525,0.373692,0.369008,
1.09814,1.12617,1.13702,
-0.59756,-0.593611,-0.596113,
0.373692,0.369008,0.357848,
1.12617,1.13702,1.16383,
-0.593611,-0.596113,-0.593455,
0.369008,0.357848,0.354331,
1.13702,1.16383,1.18355,
-0.596113,-0.593455,-0.590432,
0.357848,0.354331,0.343623,
1.16383,1.18355,1.19147,
-0.593455,-0.590432,-0.574447,
0.354331,0.343623,0.344945,
1.18355,1.19147,1.22232,
-0.590432,-0.574447,-0.5965,
0.343623,0.344945,0.328339,
1.19147,1.22232,1.24953,
-0.574447,-0.5965,-0.591155,
0.344945,0.328339,0.317295,
1.22232,1.24953,1.26756,
-0.5965,-0.591155,-0.570552,
0.328339,0.317295,0.30223,
1.24953,1.26756,1.2912,
-0.591155,-0.570552,-0.57002,
0.317295,0.30223,0.290706,
1.26756,1.2912,1.31061,
-0.570552,-0.57002,-0.560694,
0.30223,0.290706,0.280949,
1.2912,1.31061,1.32351,
-0.57002,-0.560694,-0.547277,
0.290706,0.280949,0.268641,
1.31061,1.32351,1.32961,
-0.560694,-0.547277,-0.541873,
0.280949,0.268641,0.252025,
1.32351,1.32961,1.34637,
-0.547277,-0.541873,-0.539349,
0.268641,0.252025,0.245276,
1.32961,1.34637,1.35979,
-0.541873,-0.539349,-0.524308,
0.252025,0.245276,0.231145,
1.34637,1.35979,1.36505,
-0.539349,-0.524308,-0.511297,
0.245276,0.231145,0.218318,
1.35979,1.36505,1.37701,
-0.524308,-0.511297,-0.504311,
0.231145,0.218318,0.206765,
1.36505,1.37701,1.38374,
-0.511297,-0.504311,-0.49075,
0.218318,0.206765,0.190993,
1.37701,1.38374,1.39368,
-0.504311,-0.49075,-0.47547,
0.206765,0.190993,0.180408,
1.38374,1.39368,1.39664,
-0.49075,-0.47547,-0.463671,
0.190993,0.180408,0.160346,
1.39368,1.39664,1.40048,
-0.47547,-0.463671,-0.452833,
0.180408,0.160346,0.142665,
1.39664,1.40048,1.40815,
-0.463671,-0.452833,-0.433634,
0.160346,0.142665,0.12299,
1.40048,1.40815,1.41087,
-0.452833,-0.433634,-0.419986,
0.142665,0.12299,0.10593,
1.40815,1.41087,1.40804,
-0.433634,-0.419986,-0.412457,
0.12299,0.10593,0.0771594,
1.41087,1.40804,1.42707,
-0.419986,-0.412457,-0.395826,
0.10593,0.0771594,0.0764135,
1.40804,1.42707,1.42807,
-0.412457,-0.395826,-0.375926,
0.0771594,0.0764135,0.051921,
1.42707,1.42807,1.432,
-0.395826,-0.375926,-0.359031,
0.0764135,0.051921,0.0261898,
1.42807,1.432,1.4416,
-0.375926,-0.359031,-0.348047,
0.051921,0.0261898,0.0133578,
1.432,1.4416,1.45219,
-0.359031,-0.348047,-0.333283,
0.0261898,0.0133578,-0.00257292,
1.4416,1.45219,1.45045,
-0.348047,-0.333283,-0.318455,
0.0133578,-0.00257292,-0.0348047,
1.45219,1.45045,1.47048,
-0.333283,-0.318455,-0.296545,
-0.00257292,-0.0348047,-0.0440493,
1.45045,1.47048,1.48143,
-0.318455,-0.296545,-0.281781,
-0.0348047,-0.0440493,-0.0643528,
1.47048,1.48143,1.49886,
-0.296545,-0.281781,-0.258022,
-0.0440493,-0.0643528,-0.0819294,
1.48143,1.49886,1.49667,
-0.281781,-0.258022,-0.249377,
-0.0643528,-0.0819294,-0.102719,
1.49886,1.49667,1.52244,
-0.258022,-0.249377,-0.237185,
-0.0819294,-0.102719,-0.122316,
1.49667,1.52244,1.52956,
-0.249377,-0.237185,-0.229974,
-0.102719,-0.122316,-0.1281,
1.52244,1.52956,1.54696,
-0.237185,-0.229974,-0.210954,
-0.122316,-0.1281,-0.157911,
1.52956,1.54696,1.55436,
-0.229974,-0.210954,-0.211709,
-0.1281,-0.157911,-0.185203,
1.54696,1.55436,1.57209,
-0.210954,-0.211709,-0.197194,
-0.157911,-0.185203,-0.203984,
1.55436,1.57209,1.59268,
-0.211709,-0.197194,-0.182451,
-0.185203,-0.203984,-0.213152,
1.57209,1.59268,1.60606,
-0.197194,-0.182451,-0.181849,
-0.203984,-0.213152,-0.232258,
1.59268,1.60606,1.622,
-0.182451,-0.181849,-0.164026,
-0.213152,-0.232258,-0.25008,
1.60606,1.622,1.64068,
-0.181849,-0.164026,-0.166239,
-0.232258,-0.25008,-0.269984,
1.622,1.64068,1.65608,
-0.164026,-0.166239,-0.166904,
-0.25008,-0.269984,-0.28618,
1.64068,1.65608,1.67664,
-0.166239,-0.166904,-0.179336,
-0.269984,-0.28618,-0.297835,
1.65608,1.67664,1.69229,
-0.166904,-0.179336,-0.18059,
-0.28618,-0.297835,-0.313747,
1.67664,1.69229,1.71271,
-0.179336,-0.18059,-0.191594,
-0.297835,-0.313747,-0.325728,
1.69229,1.71271,1.73391,
-0.18059,-0.191594,-0.196717,
-0.313747,-0.325728,-0.338886,
1.71271,1.73391,1.74968,
-0.191594,-0.196717,-0.208471,
-0.325728,-0.338886,-0.354546,
1.73391,1.74968,1.75608,
-0.196717,-0.208471,-0.214449,
-0.338886,-0.354546,-0.357297,
1.74968,1.75608,1.7832,
-0.208471,-0.214449,-0.237413,
-0.354546,-0.357297,-0.395254,
1.75608,1.7832,1.79221,
-0.214449,-0.237413,-0.232059,
-0.357297,-0.395254,-0.401981,
1.7832,1.79221,1.79737,
-0.237413,-0.232059,-0.2624,
-0.395254,-0.401981,-0.427625,
1.79221,1.79737,1.83148,
-0.232059,-0.2624,-0.231414,
-0.401981,-0.427625,-0.400671,
1.79737,1.83148,1.82792,
-0.2624,-0.231414,-0.244017,
-0.427625,-0.400671,-0.428042,
1.83148,1.82792,1.85182,
-0.231414,-0.244017,-0.25387,
-0.400671,-0.428042,-0.463415,
1.82792,1.85182,1.86189,
-0.244017,-0.25387,-0.307297,
-0.428042,-0.463415,-0.508178,
1.85182,1.86189,1.83766,
-0.25387,-0.307297,-0.217898,
-0.463415,-0.508178,-0.472731,
1.86189,1.83766,1.85393,
-0.307297,-0.217898,-0.208659,
-0.508178,-0.472731,-0.423396,
1.83766,1.85393,1.87442,
-0.217898,-0.208659,-0.223375,
-0.472731,-0.423396,-0.415733,
1.85393,1.87442,1.88446,
-0.208659,-0.223375,-0.24434,
-0.423396,-0.415733,-0.438555,
1.87442,1.88446,1.90358,
-0.223375,-0.24434,-0.356104,
-0.415733,-0.438555,-0.592195,
1.88446,1.90358,1.9036,
-0.24434,-0.356104,-0.356869,
-0.438555,-0.592195,-0.614199,
1.90358,1.9036,1.91268,
-0.356104,-0.356869,-0.363162,
-0.592195,-0.614199,-0.631269,
1.9036,1.91268,1.91909,
-0.356869,-0.363162,-0.372928,
-0.614199,-0.631269,-0.641274,
1.91268,1.91909,1.92904,
-0.363162,-0.372928,-0.378436,
-0.631269,-0.641274,-0.653481,
1.91909,1.92904,1.93448,
-0.372928,-0.378436,-0.385695,
-0.641274,-0.653481,-0.664733,
1.92904,1.93448,1.94281,
-0.378436,-0.385695,-0.380301,
-0.653481,-0.664733,-0.676945,
1.93448,1.94281,1.94351,
-0.385695,-0.380301,-0.37905,
-0.664733,-0.676945,-0.684753,
1.94281,1.94351,1.95354,
-0.380301,-0.37905,-0.357505,
-0.676945,-0.684753,-0.698039,
1.94351,1.95354,1.95902,
-0.37905,-0.357505,-0.351988,
-0.684753,-0.698039,-0.695935,
1.95354,1.95902,1.96375,
-0.357505,-0.351988,-0.336234,
-0.698039,-0.695935,-0.708095,
1.95902,1.96375,1.96493,
-0.351988,-0.336234,-0.317771,
-0.695935,-0.708095,-0.702983,
1.96375,1.96493,1.96817,
-0.336234,-0.317771,-0.318081,
-0.708095,-0.702983,-0.721895,
1.96493,1.96817,1.96858,
-0.317771,-0.318081,-0.286752,
-0.702983,-0.721895,-0.724008,
1.96817,1.96858,1.96791,
-0.318081,-0.286752,-0.274257,
-0.721895,-0.724008,-0.722414,
1.96858,1.96791,1.96993,
-0.286752,-0.274257,-0.253984,
-0.724008,-0.722414,-0.738421,
1.96791,1.96993,1.9694,
-0.274257,-0.253984,-0.239947,
-0.722414,-0.738421,-0.747784,
1.96993,1.9694,1.96711,
-0.253984,-0.239947,-0.21102,
-0.738421,-0.747784,-0.752849,
1.9694,1.96711,1.96602,
-0.239947,-0.21102,-0.190271,
-0.747784,-0.752849,-0.726109,
1.96711,1.96602,1.96657,
-0.21102,-0.190271,-0.18015,
-0.752849,-0.726109,-0.763382,
1.96602,1.96657,1.9641,
-0.190271,-0.18015,-0.17227,
-0.726109,-0.763382,-0.76259,
1.96657,1.9641,1.96635,
-0.18015,-0.17227,-0.151942,
-0.763382,-0.76259,-0.773279,
1.9641,1.96635,1.96967,
-0.17227,-0.151942,-0.117031,
-0.76259,-0.773279,-0.751258,
1.96635,1.96967,1.9682,
-0.151942,-0.117031,-0.116062,
-0.773279,-0.751258,-0.782481,
1.96967,1.9682,1.96658,
-0.117031,-0.116062,-0.111077,
-0.751258,-0.782481,-0.787762,
1.9682,1.96658,1.96563,
-0.116062,-0.111077,-0.101027,
-0.782481,-0.787762,-0.797167,
1.96658,1.96563,1.96383,
-0.111077,-0.101027,-0.091451,
-0.787762,-0.797167,-0.804498,
1.96563,1.96383,1.96504,
-0.101027,-0.091451,-0.0816351,
-0.797167,-0.804498,-0.806483,
1.96383,1.96504,1.96231,
-0.091451,-0.0816351,-0.0674277,
-0.804498,-0.806483,-0.809529,
1.96504,1.96231,1.96165,
-0.0816351,-0.0674277,-0.0490396,
-0.806483,-0.809529,-0.812454,
1.96231,1.96165,1.96547,
-0.0674277,-0.0490396,-0.0416481,
-0.809529,-0.812454,-0.819014,
1.96165,1.96547,1.95972,
-0.0490396,-0.0416481,-0.0592211,
-0.812454,-0.819014,-0.83821,
1.96547,1.95972,1.95824,
-0.0416481,-0.0592211,-0.0499646,
-0.819014,-0.83821,-0.843557,
1.95972,1.95824,1.9507,
-0.0592211,-0.0499646,-0.0751697,
-0.83821,-0.843557,-0.859438,
1.95824,1.9507,1.95268,
-0.0499646,-0.0751697,-0.0489974,
-0.843557,-0.859438,-0.853836,
1.9507,1.95268,1.94592,
-0.0751697,-0.0489974,-0.0564967,
-0.859438,-0.853836,-0.875205,
1.95268,1.94592,1.94312,
-0.0489974,-0.0564967,-0.029824,
-0.853836,-0.875205,-0.844567,
1.94592,1.94312,1.9336,
-0.0564967,-0.029824,-0.0523473,
-0.875205,-0.844567,-0.875674,
1.94312,1.9336,1.94266,
-0.029824,-0.0523473,-0.0224639,
-0.844567,-0.875674,-0.882252,
1.9336,1.94266,1.92739,
-0.0523473,-0.0224639,-0.0201695,
-0.875674,-0.882252,-0.904704,
1.94266,1.92739,1.91792,
-0.0224639,-0.0201695,-0.00512707,
-0.882252,-0.904704,-0.900597,
1.92739,1.91792,1.91441,
-0.0201695,-0.00512707,0.0108827,
-0.904704,-0.900597,-0.907069,
1.91792,1.91441,1.91438,
-0.00512707,0.0108827,0.0283846,
-0.900597,-0.907069,-0.881834,
1.91441,1.91438,1.91337,
0.0108827,0.0283846,0.041788,
-0.907069,-0.881834,-0.892718,
1.91438,1.91337,1.90327,
0.0283846,0.041788,0.0676583,
-0.881834,-0.892718,-0.899691,
1.91337,1.90327,1.90039,
0.041788,0.0676583,0.0825284,
-0.892718,-0.899691,-0.909447,
1.90327,1.90039,1.89388,
0.0676583,0.0825284,0.105032,
-0.899691,-0.909447,-0.920301,
1.90039,1.89388,1.886,
0.0825284,0.105032,0.129644,
-0.909447,-0.920301,-0.925649,
1.89388,1.886,1.87967,
0.105032,0.129644,0.140064,
-0.920301,-0.925649,-0.933831,
1.886,1.87967,1.86859,
0.129644,0.140064,0.160846,
-0.925649,-0.933831,-0.932846,
1.87967,1.86859,1.86966,
0.140064,0.160846,0.193065,
-0.933831,-0.932846,-0.953151,
1.86859,1.86966,1.8659,
0.160846,0.193065,0.203386,
-0.932846,-0.953151,-0.959395,
1.86966,1.8659,1.86476,
0.193065,0.203386,0.217009,
-0.953151,-0.959395,-0.96833,
1.8659,1.86476,1.86517,
0.203386,0.217009,0.223134,
-0.959395,-0.96833,-0.979493,
1.86476,1.86517,1.87146,
0.217009,0.223134,0.231662,
-0.96833,-0.979493,-0.992264,
1.86517,1.87146,1.87517,
0.223134,0.231662,0.23499,
-0.979493,-0.992264,-1.00412,
1.87146,1.87517,1.87956,
0.231662,0.23499,0.243878,
-0.992264,-1.00412,-1.01668,
1.87517,1.87956,1.88971,
0.23499,0.243878,0.246671,
-1.00412,-1.01668,-1.02741,
1.87956,1.88971,1.91717,
0.243878,0.246671,0.255312,
-1.01668,-1.02741,-1.05757,
1.88971,1.91717,1.92772,
0.246671,0.255312,0.264436,
-1.02741,-1.05757,-1.06969,
1.91717,1.92772,1.93779,
0.255312,0.264436,0.265921,
-1.05757,-1.06969,-1.07839,
1.92772,1.93779,1.94789,
0.264436,0.265921,0.26893,
-1.06969,-1.07839,-1.0872,
1.93779,1.94789,1.95852,
0.265921,0.26893,0.272968,
-1.07839,-1.0872,-1.09513,
1.94789,1.95852,1.96876,
0.26893,0.272968,0.275834,
-1.0872,-1.09513,-1.10626,
1.95852,1.96876,1.97689,
0.272968,0.275834,0.28292,
-1.09513,-1.10626,-1.11408,
1.96876,1.97689,1.98709,
0.275834,0.28292,0.287041,
-1.10626,-1.11408,-1.12004,
1.97689,1.98709,1.99565,
0.28292,0.287041,0.298685,
-1.11408,-1.12004,-1.13186,
1.98709,1.99565,2.00358,
0.287041,0.298685,0.299404,
-1.12004,-1.13186,-1.13367,
1.99565,2.00358,2.0156,
0.298685,0.299404,0.309714,
-1.13186,-1.13367,-1.1403,
2.00358,2.0156,2.0262,
0.299404,0.309714,0.314447,
-1.13367,-1.1403,-1.14392,
2.0156,2.0262,2.03355,
0.309714,0.314447,0.308025,
-1.1403,-1.14392,-1.13778,
2.0262,2.03355,2.05133,
0.314447,0.308025,0.330521,
-1.14392,-1.13778,-1.14726,
2.03355,2.05133,2.06938,
0.308025,0.330521,0.335583,
-1.13778,-1.14726,-1.14837,
2.05133,2.06938,2.0873,
0.330521,0.335583,0.341588,
-1.14726,-1.14837,-1.14627,
2.06938,2.0873,2.10677,
0.335583,0.341588,0.344604,
-1.14837,-1.14627,-1.14495,
2.0873,2.10677,2.12608,
0.341588,0.344604,0.351132,
-1.14627,-1.14495,-1.13814,
2.10677,2.12608,2.15061,
0.344604,0.351132,0.356449,
-1.14495,-1.13814,-1.13553,
2.12608,2.15061,2.17246,
0.351132,0.356449,0.361468,
-1.13814,-1.13553,-1.12966,
2.15061,2.17246,2.19657,
0.356449,0.361468,0.360958,
-1.13553,-1.12966,-1.11976,
2.17246,2.19657,2.22133,
0.361468,0.360958,0.363369,
-1.12966,-1.11976,-1.11286,
2.19657,2.22133,2.24126,
0.360958,0.363369,0.359582,
-1.11976,-1.11286,-1.09795,
2.22133,2.24126,2.27511,
0.363369,0.359582,0.347715,
-1.11286,-1.09795,-1.09773,
2.24126,2.27511,2.30378,
0.359582,0.347715,0.359692,
-1.09795,-1.09773,-1.07388,
2.27511,2.30378,2.33244,
0.347715,0.359692,0.356532,
-1.09773,-1.07388,-1.0627,
2.30378,2.33244,2.35757,
0.359692,0.356532,0.351255,
-1.07388,-1.0627,-1.05371,
2.33244,2.35757,2.38928,
0.356532,0.351255,0.349243,
-1.0627,-1.05371,-1.04646,
2.35757,2.38928,2.4202,
0.351255,0.349243,0.356038,
-1.05371,-1.04646,-1.03479,
2.38928,2.4202,2.46113,
0.349243,0.356038,0.350537,
-1.04646,-1.03479,-1.02857,
2.4202,2.46113,2.49115,
0.356038,0.350537,0.352973,
-1.03479,-1.02857,-1.02442,
2.46113,2.49115,2.51661,
0.350537,0.352973,0.356127,
-1.02857,-1.02442,-1.01949,
2.49115,2.51661,2.54676,
0.352973,0.356127,0.353471,
-1.02442,-1.01949,-1.01453,
2.51661,2.54676,2.57655,
0.356127,0.353471,0.353383,
-1.01949,-1.01453,-1.01675,
2.54676,2.57655,2.59551,
0.353471,0.353383,0.369908,
-1.01453,-1.01675,-1.00835,
2.57655,2.59551,2.61709,
0.353383,0.369908,0.355251,
-1.01675,-1.00835,-1.0202,
2.59551,2.61709,2.63005,
0.369908,0.355251,0.366856,
-1.00835,-1.0202,-1.00546,
2.61709,2.63005,2.64284,
0.355251,0.366856,0.36311,
-1.0202,-1.00546,-1.01501,
2.63005,2.64284,2.66999,
0.366856,0.36311,0.360131,
-1.00546,-1.01501,-1.01808,
2.64284,2.66999,2.66414,
0.36311,0.360131,0.363411,
-1.01501,-1.01808,-1.02045,
2.66999,2.66414,2.68303,
0.360131,0.363411,0.368311,
-1.01808,-1.02045,-1.01456,
2.66414,2.68303,2.6793,
0.363411,0.368311,0.365082,
-1.02045,-1.01456,-1.02426,
2.68303,2.6793,2.68457,
0.368311,0.365082,0.348859,
-1.01456,-1.02426,-1.04191,
2.6793,2.68457,2.66924,
0.365082,0.348859,0.355515,
-1.02426,-1.04191,-1.04269,
2.68457,2.66924,2.66528,
0.348859,0.355515,0.346976,
-1.04191,-1.04269,-1.05693,
2.66924,2.66528,2.65075,
0.355515,0.346976,0.343573,
-1.04269,-1.05693,-1.06454,
2.66528,2.65075,2.65376,
0.346976,0.343573,0.336013,
-1.05693,-1.06454,-1.07033,
2.65075,2.65376,2.63833,
0.343573,0.336013,0.334273,
-1.06454,-1.07033,-1.07435,
2.65376,2.63833,2.61936,
0.336013,0.334273,0.32878,
-1.07033,-1.07435,-1.07614,
2.63833,2.61936,2.60777,
0.334273,0.32878,0.324361,
-1.07435,-1.07614,-1.07921,
2.61936,2.60777,2.58963,
0.32878,0.324361,0.319021,
-1.07614,-1.07921,-1.08104,
2.60777,2.58963,2.58421,
0.324361,0.319021,0.310737,
-1.07921,-1.08104,-1.07802,
2.58963,2.58421,2.56322,
0.319021,0.310737,0.298949,
-1.08104,-1.07802,-1.08307,
2.58421,2.56322,2.56033,
0.310737,0.298949,0.299394,
-1.07802,-1.08307,-1.06977,
2.56322,2.56033,2.53927,
0.298949,0.299394,0.291258,
-1.08307,-1.06977,-1.06567,
2.56033,2.53927,2.52891,
0.299394,0.291258,0.281472,
-1.06977,-1.06567,-1.05954,
2.53927,2.52891,2.51364,
0.291258,0.281472,0.270853,
-1.06567,-1.05954,-1.05671,
2.52891,2.51364,2.49719,
0.281472,0.270853,0.265349,
-1.05954,-1.05671,-1.04619,
2.51364,2.49719,2.48664,
0.270853,0.265349,0.252397,
-1.05671,-1.04619,-1.03902,
2.49719,2.48664,2.47336,
0.265349,0.252397,0.248327,
-1.04619,-1.03902,-1.01737,
2.48664,2.47336,2.45819,
0.252397,0.248327,0.244868,
-1.03902,-1.01737,-0.999869,
2.47336,2.45819,2.44583,
0.248327,0.244868,0.234971,
-1.01737,-0.999869,-0.992582,
2.45819,2.44583,2.43854,
0.244868,0.234971,0.230991,
-0.999869,-0.992582,-0.969545,
2.44583,2.43854,2.43298,
0.234971,0.230991,0.21328,
-0.992582,-0.969545,-0.971568,
2.43854,2.43298,2.41831,
0.230991,0.21328,0.207468,
-0.969545,-0.971568,-0.956254,
2.43298,2.41831,2.40805,
0.21328,0.207468,0.194152,
-0.971568,-0.956254,-0.934454,
2.41831,2.40805,2.39626,
0.207468,0.194152,0.186319,
-0.956254,-0.934454,-0.919804,
2.40805,2.39626,2.39218,
0.194152,0.186319,0.166762,
-0.934454,-0.919804,-0.902449,
2.39626,2.39218,2.38043,
0.186319,0.166762,0.163599,
-0.919804,-0.902449,-0.878295,
2.39218,2.38043,2.36861,
0.166762,0.163599,0.158997,
-0.902449,-0.878295,-0.861674,
2.38043,2.36861,2.3593,
0.163599,0.158997,0.154606,
-0.878295,-0.861674,-0.836633,
2.36861,2.3593,2.35854,
0.158997,0.154606,0.136033,
-0.861674,-0.836633,-0.825285,
2.3593,2.35854,2.34971,
0.154606,0.136033,0.12725,
-0.836633,-0.825285,-0.808635,
2.35854,2.34971,2.34284,
0.136033,0.12725,0.120109,
-0.825285,-0.808635,-0.793058,
2.34971,2.34284,2.33302,
0.12725,0.120109,0.11432,
-0.808635,-0.793058,-0.780924,
2.34284,2.33302,2.33327,
0.120109,0.11432,0.103329,
-0.793058,-0.780924,-0.771257,
2.33302,2.33327,2.32668,
0.11432,0.103329,0.100499,
-0.780924,-0.771257,-0.743111,
2.33327,2.32668,2.3241,
0.103329,0.100499,0.0908203,
-0.771257,-0.743111,-0.733199,
2.32668,2.3241,2.32291,
0.100499,0.0908203,0.0875901,
-0.743111,-0.733199,-0.731837,
2.3241,2.32291,2.32803,
0.0908203,0.0875901,0.0722271,
-0.733199,-0.731837,-0.721056,
2.32291,2.32803,2.32557,
0.0875901,0.0722271,0.0712585,
-0.731837,-0.721056,-0.709208,
2.32803,2.32557,2.33249,
0.0722271,0.0712585,0.0636455,
-0.721056,-0.709208,-0.696278,
2.32557,2.33249,2.33374,
0.0712585,0.0636455,0.0594532,
-0.709208,-0.696278,-0.693645,
2.33249,2.33374,2.3365,
0.0636455,0.0594532,0.0568837,
-0.696278,-0.693645,-0.684271,
2.33374,2.3365,2.34315,
0.0594532,0.0568837,0.052841,
-0.693645,-0.684271,-0.678602,
2.3365,2.34315,2.34841,
0.0568837,0.052841,0.0519514,
-0.684271,-0.678602,-0.671679,
2.34315,2.34841,2.35591,
0.052841,0.0519514,0.0487109,
-0.678602,-0.671679,-0.666327,
2.34841,2.35591,2.36333,
0.0519514,0.0487109,0.0451283,
-0.671679,-0.666327,-0.661649,
2.35591,2.36333,2.36733,
0.0487109,0.0451283,0.0412591,
-0.666327,-0.661649,-0.657053,
2.36333,2.36733,2.37755,
0.0451283,0.0412591,0.0481745,
-0.661649,-0.657053,-0.659789,
2.36733,2.37755,2.38683,
0.0412591,0.0481745,0.0484102,
-0.657053,-0.659789,-0.656084,
2.37755,2.38683,2.39401,
0.0481745,0.0484102,0.0525411,
-0.659789,-0.656084,-0.661423,
2.38683,2.39401,2.40269,
0.0484102,0.0525411,0.0565524,
-0.656084,-0.661423,-0.667115,
2.39401,2.40269,2.41639,
0.0525411,0.0565524,0.0619169,
-0.661423,-0.667115,-0.673952,
2.40269,2.41639,2.42074,
0.0565524,0.0619169,0.0693511,
-0.667115,-0.673952,-0.685794,
2.41639,2.42074,2.43128,
0.0619169,0.0693511,0.079064,
-0.673952,-0.685794,-0.691641,
2.42074,2.43128,2.44237,
0.0693511,0.079064,0.0872281,
-0.685794,-0.691641,-0.703854,
2.43128,2.44237,2.44992,
0.079064,0.0872281,0.101997,
-0.691641,-0.703854,-0.716558,
2.44237,2.44992,2.45818,
0.0872281,0.101997,0.113186,
-0.703854,-0.716558,-0.727876,
2.44992,2.45818,2.4724,
0.101997,0.113186,0.12534,
-0.716558,-0.727876,-0.742591,
2.45818,2.4724,2.47684,
0.113186,0.12534,0.136685,
-0.727876,-0.742591,-0.755853,
2.4724,2.47684,2.493,
0.12534,0.136685,0.150808,
-0.742591,-0.755853,-0.765344,
2.47684,2.493,2.5033,
0.136685,0.150808,0.163514,
-0.755853,-0.765344,-0.777943,
2.493,2.5033,2.5148,
0.150808,0.163514,0.176463,
-0.765344,-0.777943,-0.791741,
2.5033,2.5148,2.5226,
0.163514,0.176463,0.190351,
-0.777943,-0.791741,-0.80752,
2.5148,2.5226,2.53394,
0.176463,0.190351,0.20341,
-0.791741,-0.80752,-0.820345,
2.5226,2.53394,2.54433,
0.190351,0.20341,0.212307,
-0.80752,-0.820345,-0.833744,
2.53394,2.54433,2.55081,
0.20341,0.212307,0.229888,
-0.820345,-0.833744,-0.852119,
2.54433,2.55081,2.55895,
0.212307,0.229888,0.240965,
-0.833744,-0.852119,-0.869783,
2.55081,2.55895,2.57102,
0.229888,0.240965,0.249647,
-0.852119,-0.869783,-0.886377,
2.55895,2.57102,2.57,
0.240965,0.249647,0.26079,
-0.869783,-0.886377,-0.911093,
2.57102,2.57,2.57211,
0.249647,0.26079,0.276011,
-0.886377,-0.911093,-0.926987,
2.57,2.57211,2.58384,
0.26079,0.276011,0.284879,
-0.911093,-0.926987,-0.94321,
2.57211,2.58384,2.58874,
0.276011,0.284879,0.292814,
-0.926987,-0.94321,-0.964623,
2.58384,2.58874,2.59033,
0.284879,0.292814,0.302281,
-0.94321,-0.964623,-0.985011,
2.58874,2.59033,2.58988,
0.292814,0.302281,0.311702,
-0.964623,-0.985011,-1.00495,
2.59033,2.58988,2.59157,
0.302281,0.311702,0.315822,
-0.985011,-1.00495,-1.03081,
2.58988,2.59157,2.58752,
0.311702,0.315822,0.325793,
-1.00495,-1.03081,-1.052,
2.59157,2.58752,2.58558,
0.315822,0.325793,0.337878,
-1.03081,-1.052,-1.0755,
2.58752,2.58558,2.58458,
0.325793,0.337878,0.341259,
-1.052,-1.0755,-1.094,
2.58558,2.58458,2.57631,
0.337878,0.341259,0.352702,
-1.0755,-1.094,-1.11609,
2.58458,2.57631,2.58063,
0.341259,0.352702,0.361042,
-1.094,-1.11609,-1.13159,
2.57631,2.58063,2.57467,
0.352702,0.361042,0.370586,
-1.11609,-1.13159,-1.15092,
2.58063,2.57467,2.56922,
0.361042,0.370586,0.382937,
-1.13159,-1.15092,-1.1697,
2.57467,2.56922,2.56395,
0.370586,0.382937,0.390464,
-1.15092,-1.1697,-1.18341,
2.56922,2.56395,2.56124,
0.382937,0.390464,0.39706,
-1.1697,-1.18341,-1.19724,
2.56395,2.56124,2.55272,
0.390464,0.39706,0.408511,
-1.18341,-1.19724,-1.21249,
2.56124,2.55272,2.54222,
0.39706,0.408511,0.420352,
-1.19724,-1.21249,-1.22184,
2.55272,2.54222,2.53972,
0.408511,0.420352,0.428546,
-1.21249,-1.22184,-1.23865,
2.54222,2.53972,2.53226,
0.420352,0.428546,0.431036,
-1.22184,-1.23865,-1.2374,
2.53972,2.53226,2.5205,
0.428546,0.431036,0.436382,
-1.23865,-1.2374,-1.24799,
2.53226,2.5205,2.50598,
0.431036,0.436382,0.447,
-1.2374,-1.24799,-1.25259,
2.5205,2.50598,2.49868,
0.436382,0.447,0.451853,
-1.24799,-1.25259,-1.25711,
2.50598,2.49868,2.48872,
0.447,0.451853,0.45125,
-1.25259,-1.25711,-1.27289,
2.49868,2.48872,2.4777,
0.451853,0.45125,0.455902,
-1.25711,-1.27289,-1.2788,
2.48872,2.4777,2.46367,
0.45125,0.455902,0.463419,
-1.27289,-1.2788,-1.28448,
2.4777,2.46367,2.45276,
0.455902,0.463419,0.471206,
-1.2788,-1.28448,-1.28941,
2.46367,2.45276,2.43987,
0.463419,0.471206,0.472391,
-1.28448,-1.28941,-1.29804,
2.45276,2.43987,2.4238,
0.471206,0.472391,0.476697,
-1.28941,-1.29804,-1.30706,
2.43987,2.4238,2.41003,
0.472391,0.476697,0.479319,
-1.29804,-1.30706,-1.31506,
2.4238,2.41003,2.39481,
0.476697,0.479319,0.483773,
-1.30706,-1.31506,-1.32489,
2.41003,2.39481,2.38253,
0.479319,0.483773,0.487607,
-1.31506,-1.32489,-1.33309,
2.39481,2.38253,2.36889,
0.483773,0.487607,0.487263,
-1.32489,-1.33309,-1.34227,
2.38253,2.36889,2.35185,
0.487607,0.487263,0.499167,
-1.33309,-1.34227,-1.35469,
2.36889,2.35185,2.34416,
0.487263,0.499167,0.501908,
-1.34227,-1.35469,-1.36268,
2.35185,2.34416,2.32918,
0.499167,0.501908,0.512183,
-1.35469,-1.36268,-1.37079,
2.34416,2.32918,2.31811,
0.501908,0.512183,0.512427,
-1.36268,-1.37079,-1.37856,
2.32918,2.31811,2.30855,
0.512183,0.512427,0.513898,
-1.37079,-1.37856,-1.38751,
2.31811,2.30855,2.29574,
0.512427,0.513898,0.521356,
-1.37856,-1.38751,-1.39548,
2.30855,2.29574,2.28815,
0.513898,0.521356,0.52699,
-1.38751,-1.39548,-1.40359,
2.29574,2.28815,2.28026,
0.521356,0.52699,0.532031,
-1.39548,-1.40359,-1.41014,
2.28815,2.28026,2.27702,
0.52699,0.532031,0.536836,
-1.40359,-1.41014,-1.41677,
2.28026,2.27702,2.26564,
0.532031,0.536836,0.542567,
-1.41014,-1.41677,-1.3992,
2.27702,2.26564,2.25968,
0.536836,0.542567,0.548657,
-1.41677,-1.3992,-1.40472,
2.26564,2.25968,2.25659,
0.542567,0.548657,0.554665,
-1.3992,-1.40472,-1.40788,
2.25968,2.25659,2.25314,
0.548657,0.554665,0.560123,
-1.40472,-1.40788,-1.40811,
2.25659,2.25314,2.24908,
0.554665,0.560123,0.572791,
-1.40788,-1.40811,-1.40967,
2.25314,2.24908,2.25224,
0.560123,0.572791,0.58642,
-1.40811,-1.40967,-1.40915,
2.24908,2.25224,2.24646,
0.572791,0.58642,0.60088,
-1.40967,-1.40915,-1.40907,
2.25224,2.24646,2.24674,
0.58642,0.60088,0.615985,
-1.40915,-1.40907,-1.40842,
2.24646,2.24674,2.24277,
0.60088,0.615985,0.632634,
-1.40907,-1.40842,-1.40937,
2.24674,2.24277,2.24411,
0.615985,0.632634,0.642993,
-1.40842,-1.40937,-1.40694,
2.24277,2.24411,2.24826,
0.632634,0.642993,0.654643,
-1.40937,-1.40694,-1.40868,
2.24411,2.24826,2.24975,
0.642993,0.654643,0.660782,
-1.40694,-1.40868,-1.41129,
2.24826,2.24975,2.2456,
0.654643,0.660782,0.667614,
-1.40868,-1.41129,-1.41739,
2.24975,2.2456,2.24361,
0.660782,0.667614,0.670511,
-1.41129,-1.41739,-1.42623,
2.2456,2.24361,2.24718,
0.667614,0.670511,0.668322,
-1.41739,-1.42623,-1.42894,
2.24361,2.24718,2.24632,
0.670511,0.668322,0.664853,
-1.42623,-1.42894,-1.44017,
2.24718,2.24632,2.2503,
0.668322,0.664853,0.663965,
-1.42894,-1.44017,-1.44823,
2.24632,2.2503,2.25239,
0.664853,0.663965,0.662082,
-1.44017,-1.44823,-1.45566,
2.2503,2.25239,2.25269,
0.663965,0.662082,0.659427,
-1.44823,-1.45566,-1.46792,
2.25239,2.25269,2.25663,
0.662082,0.659427,0.655237,
-1.45566,-1.46792,-1.47111,
2.25269,2.25663,2.25976,
0.659427,0.655237,0.654112,
-1.46792,-1.47111,-1.47739,
2.25663,2.25976,2.25724,
0.655237,0.654112,0.658994,
-1.47111,-1.47739,-1.48926,
2.25976,2.25724,2.26122,
0.654112,0.658994,0.651815,
-1.47739,-1.48926,-1.49611,
2.25724,2.26122,2.25956,
0.658994,0.651815,0.648619,
-1.48926,-1.49611,-1.50299,
2.26122,2.25956,2.26193,
0.651815,0.648619,0.643089,
-1.49611,-1.50299,-1.51164,
2.25956,2.26193,2.2657,
0.648619,0.643089,0.629729,
-1.50299,-1.51164,-1.5274,
2.26193,2.2657,2.26596,
0.643089,0.629729,0.609131,
-1.51164,-1.5274,-1.53517,
2.2657,2.26596,2.26394,
0.629729,0.609131,0.598574,
-1.5274,-1.53517,-1.55346,
2.26596,2.26394,2.26821,
0.609131,0.598574,0.581663,
-1.53517,-1.55346,-1.56199,
2.26394,2.26821,2.26638,
0.598574,0.581663,0.561662,
-1.55346,-1.56199,-1.57379,
2.26821,2.26638,2.26986,
0.581663,0.561662,0.546628,
-1.56199,-1.57379,-1.58801,
2.26638,2.26986,2.27015,
0.561662,0.546628,0.52918,
-1.57379,-1.58801,-1.59923,
2.26986,2.27015,2.2731,
0.546628,0.52918,0.511846,
-1.58801,-1.59923,-1.60771,
2.27015,2.2731,2.27481,
0.52918,0.511846,0.493327,
-1.59923,-1.60771,-1.61642,
2.2731,2.27481,2.27352,
0.511846,0.493327,0.479797,
-1.60771,-1.61642,-1.6236,
2.27481,2.27352,2.2738,
0.493327,0.479797,0.46978,
-1.61642,-1.6236,-1.63485,
2.27352,2.2738,2.27868,
0.479797,0.46978,0.448389,
-1.6236,-1.63485,-1.63864,
2.2738,2.27868,2.27956,
0.46978,0.448389,0.438335,
-1.63485,-1.63864,-1.64438,
2.27868,2.27956,2.27275,
0.448389,0.438335,0.423399,
-1.63864,-1.64438,-1.65667,
2.27956,2.27275,2.27784,
0.438335,0.423399,0.409891,
-1.64438,-1.65667,-1.65269,
2.27275,2.27784,2.2769,
0.423399,0.409891,0.393033,
-1.65667,-1.65269,-1.65407,
2.27784,2.2769,2.28282,
0.409891,0.393033,0.375575,
-1.65269,-1.65407,-1.66034,
2.2769,2.28282,2.27693,
0.393033,0.375575,0.362808,
-1.65407,-1.66034,-1.65826,
2.28282,2.27693,2.2848,
0.375575,0.362808,0.341932,
-1.66034,-1.65826,-1.65245,
2.27693,2.2848,2.29127,
0.362808,0.341932,0.329072,
-1.65826,-1.65245,-1.64507,
2.2848,2.29127,2.29628,
0.341932,0.329072,0.310645,
-1.65245,-1.64507,-1.64184,
2.29127,2.29628,2.29936,
0.329072,0.310645,0.300793,
-1.64507,-1.64184,-1.63182,
2.29628,2.29936,2.31505,
0.310645,0.300793,0.280139,
-1.64184,-1.63182,-1.62362,
2.29936,2.31505,2.30901,
0.300793,0.280139,0.270752,
-1.63182,-1.62362,-1.62173,
2.31505,2.30901,2.33799,
0.280139,0.270752,0.242316,
-1.62362,-1.62173,-1.62926,
2.30901,2.33799,2.35994,
0.270752,0.242316,0.229663,
-1.62173,-1.62926,-1.60508,
2.33799,2.35994,2.36984,
0.242316,0.229663,0.224623,
-1.62926,-1.60508,-1.59185,
2.35994,2.36984,2.39943,
0.229663,0.224623,0.209973,
-1.60508,-1.59185,-1.57671,
2.36984,2.39943,2.38574,
0.224623,0.209973,0.227489,
-1.59185,-1.57671,-1.60119,
2.39943,2.38574,2.43253,
0.209973,0.227489,0.205564,
-1.57671,-1.60119,-1.58016,
2.38574,2.43253,2.47749,
0.227489,0.205564,0.185041,
-1.60119,-1.58016,-1.55657,
2.43253,2.47749,2.48759,
0.205564,0.185041,0.181657,
-1.58016,-1.55657,-1.57839,
2.47749,2.48759,2.54214,
0.185041,0.181657,0.193191,
-1.55657,-1.57839,-1.54296,
2.48759,2.54214,2.55794,
0.181657,0.193191,0.200075,
-1.57839,-1.54296,-1.54315,
2.54214,2.55794,2.59292,
0.193191,0.200075,0.207555,
-1.54296,-1.54315,-1.54156,
2.55794,2.59292,2.62341,
0.200075,0.207555,0.221631,
-1.54315,-1.54156,-1.53941,
2.59292,2.62341,2.64204,
0.207555,0.221631,0.237902,
-1.54156,-1.53941,-1.54026,
2.62341,2.64204,2.67023,
0.221631,0.237902,0.24897,
-1.53941,-1.54026,-1.54095,
2.64204,2.67023,2.68661,
0.237902,0.24897,0.263002,
-1.54026,-1.54095,-1.55055,
2.67023,2.68661,2.70642,
0.24897,0.263002,0.27846,
-1.54095,-1.55055,-1.55539,
2.68661,2.70642,2.7237,
0.263002,0.27846,0.296925,
-1.55055,-1.55539,-1.55972,
2.70642,2.7237,2.7357,
0.27846,0.296925,0.315871,
-1.55539,-1.55972,-1.55573,
2.7237,2.7357,2.75541,
0.296925,0.315871,0.329424,
-1.55972,-1.55573,-1.56029,
2.7357,2.75541,2.7726,
0.315871,0.329424,0.333466,
-1.55573,-1.56029,-1.57629,
2.75541,2.7726,2.78561,
0.329424,0.333466,0.358491,
-1.56029,-1.57629,-1.57295,
2.7726,2.78561,2.80639,
0.333466,0.358491,0.373655,
-1.57629,-1.57295,-1.56916,
2.78561,2.80639,2.82136,
0.358491,0.373655,0.390027,
-1.57295,-1.56916,-1.56687,
2.80639,2.82136,2.8275,
0.373655,0.390027,0.411054,
-1.56916,-1.56687,-1.56334,
2.82136,2.8275,2.84231,
0.390027,0.411054,0.424224,
-1.56687,-1.56334,-1.56143,
2.8275,2.84231,2.8521,
0.411054,0.424224,0.431307,
-1.56334,-1.56143,-1.57064,
2.84231,2.8521,2.85794,
0.424224,0.431307,0.450626,
-1.56143,-1.57064,-1.55633,
2.8521,2.85794,2.87211,
0.431307,0.450626,0.461455,
-1.57064,-1.55633,-1.56113,
2.85794,2.87211,2.88048,
0.450626,0.461455,0.478636,
-1.55633,-1.56113,-1.54729,
2.87211,2.88048,2.8865,
0.461455,0.478636,0.491212,
-1.56113,-1.54729,-1.54594,
2.88048,2.8865,2.89246,
0.478636,0.491212,0.49862,
-1.54729,-1.54594,-1.54909,
2.8865,2.89246,2.89762,
0.491212,0.49862,0.512596,
-1.54594,-1.54909,-1.54233,
2.89246,2.89762,2.90193,
0.49862,0.512596,0.522709,
-1.54909,-1.54233,-1.53952,
2.89762,2.90193,2.90032,
0.512596,0.522709,0.532902,
-1.54233,-1.53952,-1.52928,
2.90193,2.90032,2.89859,
0.522709,0.532902,0.542981,
-1.53952,-1.52928,-1.5289,
2.90032,2.89859,2.89785,
0.532902,0.542981,0.553911,
-1.52928,-1.5289,-1.52047,
2.89859,2.89785,2.89994,
0.542981,0.553911,0.554725,
-1.5289,-1.52047,-1.51473,
2.89785,2.89994,2.89771,
0.553911,0.554725,0.555012,
-1.52047,-1.51473,-1.50973,
2.89994,2.89771,2.89801,
0.554725,0.555012,0.553455,
-1.51473,-1.50973,-1.50671,
2.89771,2.89801,2.8973,
0.555012,0.553455,0.549802,
-1.50973,-1.50671,-1.50062,
2.89801,2.8973,2.89028,
0.553455,0.549802,0.547157,
-1.50671,-1.50062,-1.49399,
2.8973,2.89028,2.89169,
0.549802,0.547157,0.535559,
-1.50062,-1.49399,-1.49019,
2.89028,2.89169,2.89386,
0.547157,0.535559,0.529235,
-1.49399,-1.49019,-1.48491,
2.89169,2.89386,2.89597,
0.535559,0.529235,0.513212,
-1.49019,-1.48491,-1.48096,
2.89386,2.89597,2.8934,
0.529235,0.513212,0.508866,
-1.48491,-1.48096,-1.4714,
2.89597,2.8934,2.89516,
0.513212,0.508866,0.498366,
-1.48096,-1.4714,-1.45831,
2.8934,2.89516,2.8938,
0.508866,0.498366,0.489981,
-1.4714,-1.45831,-1.44849,
2.89516,2.8938,2.89897,
0.498366,0.489981,0.481182,
-1.45831,-1.44849,-1.44135,
2.8938,2.89897,2.90235,
0.489981,0.481182,0.465408,
-1.44849,-1.44135,-1.42913,
2.89897,2.90235,2.90483,
0.481182,0.465408,0.458677,
-1.44135,-1.42913,-1.41296,
2.90235,2.90483,2.90946,
0.465408,0.458677,0.447094,
-1.42913,-1.41296,-1.40499,
2.90483,2.90946,2.91593,
0.458677,0.447094,0.434895,
-1.41296,-1.40499,-1.38989,
2.90946,2.91593,2.92408,
0.447094,0.434895,0.432712,
-1.40499,-1.38989,-1.38144,
2.91593,2.92408,2.93244,
0.434895,0.432712,0.42338,
-1.38989,-1.38144,-1.36975,
2.92408,2.93244,2.93981,
0.432712,0.42338,0.421034,
-1.38144,-1.36975,-1.35451,
2.93244,2.93981,2.95272,
0.42338,0.421034,0.415468,
-1.36975,-1.35451,-1.34523,
2.93981,2.95272,2.96316,
0.421034,0.415468,0.396872,
-1.35451,-1.34523,-1.34246,
2.95272,2.96316,2.9723,
0.415468,0.396872,0.392683,
-1.34523,-1.34246,-1.33185,
2.96316,2.9723,2.98806,
0.396872,0.392683,0.391593,
-1.34246,-1.33185,-1.3178,
2.9723,2.98806,2.9899,
0.392683,0.391593,0.382471,
-1.33185,-1.3178,-1.31135,
2.98806,2.9899,3.0003,
0.391593,0.382471,0.377949,
-1.3178,-1.31135,-1.30563,
2.9899,3.0003,3.01301,
0.382471,0.377949,0.370537,
-1.31135,-1.30563,-1.2964,
3.0003,3.01301,3.02527,
0.377949,0.370537,0.362094,
-1.30563,-1.2964,-1.2844,
3.01301,3.02527,3.03904,
0.370537,0.362094,0.354397,
-1.2964,-1.2844,-1.28202,
3.02527,3.03904,3.05039,
0.362094,0.354397,0.352649,
-1.2844,-1.28202,-1.26781,
3.03904,3.05039,3.05669,
0.354397,0.352649,0.347303,
-1.28202,-1.26781,-1.27236,
3.05039,3.05669,3.07202,
0.352649,0.347303,0.343134,
-1.26781,-1.27236,-1.25636,
3.05669,3.07202,3.08718,
0.347303,0.343134,0.335743,
-1.27236,-1.25636,-1.24982,
3.07202,3.08718,3.11379,
0.343134,0.335743,0.326548,
-1.25636,-1.24982,-1.24052,
3.08718,3.11379,3.13025,
0.335743,0.326548,0.328752,
-1.24982,-1.24052,-1.24013,
3.11379,3.13025,3.15992,
0.326548,0.328752,0.323962,
-1.24052,-1.24013,-1.22466,
3.13025,3.15992,3.17081,
0.328752,0.323962,0.318831,
-1.24013,-1.22466,-1.22455,
3.15992,3.17081,3.19459,
0.323962,0.318831,0.318007,
-1.22466,-1.22455,-1.22126,
3.17081,3.19459,3.22303,
0.318831,0.318007,0.314488,
-1.22455,-1.22126,-1.21914,
3.19459,3.22303,3.23732,
0.318007,0.314488,0.318931,
-1.22126,-1.21914,-1.21975,
3.22303,3.23732,3.27464,
0.314488,0.318931,0.309485,
-1.21914,-1.21975,-1.21786,
3.23732,3.27464,3.29149,
0.318931,0.309485,0.310656,
-1.21975,-1.21786,-1.22719,
3.27464,3.29149,3.31441,
0.309485,0.310656,0.309087,
-1.21786,-1.22719,-1.22911,
3.29149,3.31441,3.33809,
0.310656,0.309087,0.311224,
-1.22719,-1.22911,-1.23027,
3.31441,3.33809,3.35606,
0.309087,0.311224,0.309392,
-1.22911,-1.23027,-1.23521,
3.33809,3.35606,3.37216,
0.311224,0.309392,0.311203,
-1.23027,-1.23521,-1.23804,
3.35606,3.37216,3.38212,
0.309392,0.311203,0.316886,
-1.23521,-1.23804,-1.24504,
3.37216,3.38212,3.41445,
0.311203,0.316886,0.306877,
-1.23804,-1.24504,-1.24603,
3.38212,3.41445,3.42648,
0.316886,0.306877,0.308042,
-1.24504,-1.24603,-1.25158,
3.41445,3.42648,3.44261,
0.306877,0.308042,0.311995,
-1.24603,-1.25158,-1.25397,
3.42648,3.44261,3.47,
0.308042,0.311995,0.309108,
-1.25158,-1.25397,-1.25079,
3.44261,3.47,3.47154,
0.311995,0.309108,0.3116,
-1.25397,-1.25079,-1.26196,
3.47,3.47154,3.48763,
0.309108,0.3116,0.310824,
-1.25079,-1.26196,-1.26423,
3.47154,3.48763,3.51649,
0.3116,0.310824,0.293441,
-1.26196,-1.26423,-1.26862,
3.48763,3.51649,3.52432,
0.310824,0.293441,0.307059,
-1.26423,-1.26862,-1.26501,
3.51649,3.52432,3.53832,
0.293441,0.307059,0.306442,
-1.26862,-1.26501,-1.26552,
3.52432,3.53832,3.55649,
0.307059,0.306442,0.313668,
-1.26501,-1.26552,-1.25087,
3.53832,3.55649,3.58734,
0.306442,0.313668,0.289458,
-1.26552,-1.25087,-1.26567,
3.55649,3.58734,3.60552,
0.313668,0.289458,0.299375,
-1.25087,-1.26567,-1.25215,
3.58734,3.60552,3.61955,
0.289458,0.299375,0.28773,
-1.26567,-1.25215,-1.26102,
3.60552,3.61955,3.64597,
0.299375,0.28773,0.285233,
-1.25215,-1.26102,-1.25261,
3.61955,3.64597,3.66917,
0.28773,0.285233,0.278104,
-1.26102,-1.25261,-1.24563,
3.64597,3.66917,3.67733,
0.285233,0.278104,0.281432,
-1.25261,-1.24563,-1.23854,
3.66917,3.67733,3.70011,
0.278104,0.281432,0.275289,
-1.24563,-1.23854,-1.229,
3.67733,3.70011,3.71467,
0.281432,0.275289,0.268574,
-1.23854,-1.229,-1.22019,
3.70011,3.71467,3.74019,
0.275289,0.268574,0.262123,
-1.229,-1.22019,-1.21081,
3.71467,3.74019,3.7554,
0.268574,0.262123,0.257396,
-1.22019,-1.21081,-1.2015,
3.74019,3.7554,3.78434,
0.262123,0.257396,0.248902,
-1.21081,-1.2015,-1.18894,
3.7554,3.78434,3.80309,
0.257396,0.248902,0.237153,
-1.2015,-1.18894,-1.17808,
3.78434,3.80309,3.82514,
0.248902,0.237153,0.235797,
-1.18894,-1.17808,-1.16639,
3.80309,3.82514,3.84656,
0.237153,0.235797,0.226989,
-1.17808,-1.16639,-1.15418,
3.82514,3.84656,3.86692,
0.235797,0.226989,0.220976,
-1.16639,-1.15418,-1.14253,
3.84656,3.86692,3.88658,
0.226989,0.220976,0.214171,
-1.15418,-1.14253,-1.12559,
3.86692,3.88658,3.9062,
0.220976,0.214171,0.201894,
-1.14253,-1.12559,-1.11081,
3.88658,3.9062,3.94041,
0.214171,0.201894,0.185982,
-1.12559,-1.11081,-1.09772,
3.9062,3.94041,3.94338,
0.201894,0.185982,0.195653,
-1.11081,-1.09772,-1.07904,
3.94041,3.94338,3.96227,
0.185982,0.195653,0.181981,
-1.09772,-1.07904,-1.0687,
3.94338,3.96227,3.97519,
0.195653,0.181981,0.180286,
-1.07904,-1.0687,-1.04846,
3.96227,3.97519,3.99492,
0.181981,0.180286,0.164371,
-1.0687,-1.04846,-1.03021,
3.97519,3.99492,4.01552,
0.180286,0.164371,0.164324,
-1.04846,-1.03021,-1.01671,
3.99492,4.01552,4.03149,
0.164371,0.164324,0.156953,
-1.03021,-1.01671,-0.999483,
4.01552,4.03149,4.05093,
0.164324,0.156953,0.150722,
-1.01671,-0.999483,-0.982594,
4.03149,4.05093,4.06975,
0.156953,0.150722,0.142806,
-0.999483,-0.982594,-0.964048,
4.05093,4.06975,4.09206,
0.150722,0.142806,0.134986,
-0.982594,-0.964048,-0.946508,
4.06975,4.09206,4.10539,
0.142806,0.134986,0.130117,
-0.964048,-0.946508,-0.926078,
4.09206,4.10539,4.12215,
0.134986,0.130117,0.12876,
-0.946508,-0.926078,-0.908863,
4.10539,4.12215,4.13769,
0.130117,0.12876,0.127336,
-0.926078,-0.908863,-0.892155,
4.12215,4.13769,4.15566,
0.12876,0.127336,0.121122,
-0.908863,-0.892155,-0.878521,
4.13769,4.15566,4.15918,
0.127336,0.121122,0.115787,
-0.892155,-0.878521,-0.871077,
4.15566,4.15918,4.17451,
0.121122,0.115787,0.108836,
-0.878521,-0.871077,-0.859785,
4.15918,4.17451,4.17934,
0.115787,0.108836,0.118661,
-0.871077,-0.859785,-0.854723,
4.17451,4.17934,4.18926,
0.108836,0.118661,0.0950694,
-0.859785,-0.854723,-0.848245,
4.17934,4.18926,4.18938,
0.118661,0.0950694,0.0718174,
-0.854723,-0.848245,-0.854063,
4.18926,4.18938,4.20029,
0.0950694,0.0718174,0.0632229,
-0.848245,-0.854063,-0.853529,
4.18938,4.20029,4.20646,
0.0718174,0.0632229,0.0449574,
-0.854063,-0.853529,-0.853322,
4.20029,4.20646,4.22023,
0.0632229,0.0449574,0.0341041,
-0.853529,-0.853322,-0.852983,
4.20646,4.22023,4.22982,
0.0449574,0.0341041,0.0277468,
-0.853322,-0.852983,-0.858173,
4.22023,4.22982,4.23376,
0.0341041,0.0277468,0.0207089,
-0.852983,-0.858173,-0.858861,
4.22982,4.23376,4.2425,
0.0277468,0.0207089,0.00815044,
-0.858173,-0.858861,-0.861424,
4.23376,4.2425,4.25103,
0.0207089,0.00815044,-0.000977278,
-0.858861,-0.861424,-0.868319,
4.2425,4.25103,4.25486,
0.00815044,-0.000977278,-0.0101748,
-0.861424,-0.868319,-0.871312,
4.25103,4.25486,4.25661,
-0.000977278,-0.0101748,-0.0257098,
-0.868319,-0.871312,-0.874074,
4.25486,4.25661,4.26183,
-0.0101748,-0.0257098,-0.028197,
-0.871312,-0.874074,-0.879572,
4.25661,4.26183,4.26092,
-0.0257098,-0.028197,-0.0343735,
-0.874074,-0.879572,-0.884835,
4.26183,4.26092,4.26583,
-0.028197,-0.0343735,-0.0431773,
-0.879572,-0.884835,-0.889639,
4.26092,4.26583,4.26658,
-0.0343735,-0.0431773,-0.0519246,
-0.884835,-0.889639,-0.898093,
4.26583,4.26658,4.26315,
-0.0431773,-0.0519246,-0.0592067,
-0.889639,-0.898093,-0.905898,
4.26658,4.26315,4.26372,
-0.0519246,-0.0592067,-0.0661626,
-0.898093,-0.905898,-0.908922,
4.26315,4.26372,4.26296,
-0.0592067,-0.0661626,-0.0763419,
-0.905898,-0.908922,-0.913975,
4.26372,4.26296,4.25322,
-0.0661626,-0.0763419,-0.0813864,
-0.908922,-0.913975,-0.922009,
4.26296,4.25322,4.25391,
-0.0763419,-0.0813864,-0.093361,
-0.913975,-0.922009,-0.930341,
4.25322,4.25391,4.25216,
-0.0813864,-0.093361,-0.0903425,
-0.922009,-0.930341,-0.93466,
4.25391,4.25216,4.24603,
-0.093361,-0.0903425,-0.0909876,
-0.930341,-0.93466,-0.93662,
4.25216,4.24603,4.24639,
-0.0903425,-0.0909876,-0.100892,
-0.93466,-0.93662,-0.941647,
4.24603,4.24639,4.25873,
-0.0909876,-0.100892,-0.106079,
-0.93662,-0.941647,-0.944948,
4.24639,4.25873,4.25175,
-0.100892,-0.106079,-0.106386,
-0.941647,-0.944948,-0.951179,
4.25873,4.25175,4.24802,
-0.106079,-0.106386,-0.106741,
-0.944948,-0.951179,-0.954464,
4.25175,4.24802,4.23472,
-0.106386,-0.106741,-0.111817,
-0.951179,-0.954464,-0.954867,
4.24802,4.23472,4.23784,
-0.106741,-0.111817,-0.111486,
-0.954464,-0.954867,-0.959469,
4.23472,4.23784,4.22549,
-0.111817,-0.111486,-0.11069,
-0.954867,-0.959469,-0.957307,
4.23784,4.22549,4.2154,
-0.111486,-0.11069,-0.115646,
-0.959469,-0.957307,-0.961716,
4.22549,4.2154,4.20186,
-0.11069,-0.115646,-0.1096,
-0.957307,-0.961716,-0.961863,
4.2154,4.20186,4.19437,
-0.115646,-0.1096,-0.112036,
-0.961716,-0.961863,-0.964966,
4.20186,4.19437,4.17621,
-0.1096,-0.112036,-0.111282,
-0.961863,-0.964966,-0.961751,
4.19437,4.17621,4.16467,
-0.112036,-0.111282,-0.115897,
-0.964966,-0.961751,-0.959842,
4.17621,4.16467,4.16069,
-0.111282,-0.115897,-0.115246,
-0.961751,-0.959842,-0.960462,
4.16467,4.16069,4.14334,
-0.115897,-0.115246,-0.118465,
-0.959842,-0.960462,-0.95748,
4.16069,4.14334,4.13582,
-0.115246,-0.118465,-0.121262,
-0.960462,-0.95748,-0.956759,
4.14334,4.13582,4.11512,
-0.118465,-0.121262,-0.120339,
-0.95748,-0.956759,-0.952722,
4.13582,4.11512,4.10063,
-0.121262,-0.120339,-0.125901,
-0.956759,-0.952722,-0.951221,
4.11512,4.10063,4.08451,
-0.120339,-0.125901,-0.127527,
-0.952722,-0.951221,-0.949706,
4.10063,4.08451,4.06947,
-0.125901,-0.127527,-0.118337,
-0.951221,-0.949706,-0.9461,
4.08451,4.06947,4.05157,
-0.127527,-0.118337,-0.12944,
-0.949706,-0.9461,-0.941851,
4.06947,4.05157,4.03234,
-0.118337,-0.12944,-0.133927,
-0.9461,-0.941851,-0.938059,
4.05157,4.03234,4.02251,
-0.12944,-0.133927,-0.131612,
-0.941851,-0.938059,-0.93978,
4.03234,4.02251,4.00544,
-0.133927,-0.131612,-0.140477,
-0.938059,-0.93978,-0.934426,
4.02251,4.00544,3.98834,
-0.131612,-0.140477,-0.134364,
-0.93978,-0.934426,-0.934413,
4.00544,3.98834,3.97143,
-0.140477,-0.134364,-0.137379,
-0.934426,-0.934413,-0.931345,
3.98834,3.97143,3.95118,
-0.134364,-0.137379,-0.135665,
-0.934413,-0.931345,-0.925026,
3.97143,3.95118,3.94116,
-0.137379,-0.135665,-0.14197,
-0.931345,-0.925026,-0.923381,
3.95118,3.94116,3.94176,
-0.135665,-0.14197,-0.149641,
-0.925026,-0.923381,-0.929287,
3.94116,3.94176,3.90961,
-0.14197,-0.149641,-0.143357,
-0.923381,-0.929287,-0.921331,
3.94176,3.90961,3.88814,
-0.149641,-0.143357,-0.148514,
-0.929287,-0.921331,-0.917808,
3.90961,3.88814,3.86007,
-0.143357,-0.148514,-0.150468,
-0.921331,-0.917808,-0.908552,
3.88814,3.86007,3.86302,
-0.148514,-0.150468,-0.149076,
-0.917808,-0.908552,-0.917386,
3.86007,3.86302,3.8545,
-0.150468,-0.149076,-0.152515,
-0.908552,-0.917386,-0.917353,
3.86302,3.8545,3.8388,
-0.149076,-0.152515,-0.172429,
-0.917386,-0.917353,-0.915532,
3.8545,3.8388,3.83133,
-0.152515,-0.172429,-0.154598,
-0.917353,-0.915532,-0.918936,
3.8388,3.83133,3.81923,
-0.172429,-0.154598,-0.155149,
-0.915532,-0.918936,-0.919368,
3.83133,3.81923,3.79814,
-0.154598,-0.155149,-0.154702,
-0.918936,-0.919368,-0.914642,
3.81923,3.79814,3.78552,
-0.155149,-0.154702,-0.153421,
-0.919368,-0.914642,-0.913102,
3.79814,3.78552,3.78488,
-0.154702,-0.153421,-0.149439,
-0.914642,-0.913102,-0.918607,
3.78552,3.78488,3.77944,
-0.153421,-0.149439,-0.157055,
-0.913102,-0.918607,-0.918024,
3.78488,3.77944,3.77254,
-0.149439,-0.157055,-0.136177,
-0.918607,-0.918024,-0.923118,
3.77944,3.77254,3.76128,
-0.157055,-0.136177,-0.130406,
-0.918024,-0.923118,-0.922261,
3.77254,3.76128,3.74402,
-0.136177,-0.130406,-0.124121,
-0.923118,-0.922261,-0.918621,
3.76128,3.74402,3.74077,
-0.130406,-0.124121,-0.117398,
-0.922261,-0.918621,-0.918472,
3.74402,3.74077,3.74369,
-0.124121,-0.117398,-0.119306,
-0.918621,-0.918472,-0.921939,
3.74077,3.74369,3.74195,
-0.117398,-0.119306,-0.110811,
-0.918472,-0.921939,-0.925798,
3.74369,3.74195,3.73279,
-0.119306,-0.110811,-0.097162,
-0.921939,-0.925798,-0.917794,
3.74195,3.73279,3.7299,
-0.110811,-0.097162,-0.096105,
-0.925798,-0.917794,-0.912035,
3.73279,3.7299,3.70751,
-0.097162,-0.096105,-0.0889087,
-0.917794,-0.912035,-0.899592,
3.7299,3.70751,3.70152,
-0.096105,-0.0889087,-0.0907184,
-0.912035,-0.899592,-0.889557,
3.70751,3.70152,3.69807,
-0.0889087,-0.0907184,-0.0877881,
-0.899592,-0.889557,-0.884621,
3.70152,3.69807,3.68692,
-0.0907184,-0.0877881,-0.0776383,
-0.889557,-0.884621,-0.86388,
3.69807,3.68692,3.67939,
-0.0877881,-0.0776383,-0.0704973,
-0.884621,-0.86388,-0.851131,
3.68692,3.67939,3.67163,
-0.0776383,-0.0704973,-0.0671542,
-0.86388,-0.851131,-0.832558,
3.67939,3.67163,3.65671,
-0.0704973,-0.0671542,-0.0600324,
-0.851131,-0.832558,-0.808527,
3.67163,3.65671,3.65908,
-0.0671542,-0.0600324,-0.0512512,
-0.832558,-0.808527,-0.803031,
3.65671,3.65908,3.65182,
-0.0600324,-0.0512512,-0.0515025,
-0.808527,-0.803031,-0.786407,
3.65908,3.65182,3.64206,
-0.0512512,-0.0515025,-0.046619,
-0.803031,-0.786407,-0.768189,
3.65182,3.64206,3.64046,
-0.0515025,-0.046619,-0.0484584,
-0.786407,-0.768189,-0.752061,
3.64206,3.64046,3.63402,
-0.046619,-0.0484584,-0.044901,
-0.768189,-0.752061,-0.738707,
3.64046,3.63402,3.61961,
-0.0484584,-0.044901,-0.0308262,
-0.752061,-0.738707,-0.723377,
3.63402,3.61961,3.60805,
-0.044901,-0.0308262,-0.0284135,
-0.738707,-0.723377,-0.689132,
3.61961,3.60805,3.6194,
-0.0308262,-0.0284135,-0.0286265,
-0.723377,-0.689132,-0.698825,
3.60805,3.6194,3.59921,
-0.0284135,-0.0286265,-0.0297069,
-0.689132,-0.698825,-0.675559,
3.6194,3.59921,3.59517,
-0.0286265,-0.0297069,-0.0247246,
-0.698825,-0.675559,-0.666623,
3.59921,3.59517,3.58512,
-0.0297069,-0.0247246,-0.0303327,
-0.675559,-0.666623,-0.644891,
3.59517,3.58512,3.57781,
-0.0247246,-0.0303327,-0.0247011,
-0.666623,-0.644891,-0.635687,
3.58512,3.57781,3.55793,
-0.0303327,-0.0247011,-0.0317177,
-0.644891,-0.635687,-0.602953,
3.57781,3.55793,3.55,
-0.0247011,-0.0317177,-0.0263873,
-0.635687,-0.602953,-0.583104,
3.55793,3.55,3.54657,
-0.0317177,-0.0263873,-0.0152391,
-0.602953,-0.583104,-0.561677,
3.55,3.54657,3.54869,
-0.0263873,-0.0152391,-0.0244682,
-0.583104,-0.561677,-0.560745,
3.54657,3.54869,3.54119,
-0.0152391,-0.0244682,-0.0227311,
-0.561677,-0.560745,-0.542845,
3.54869,3.54119,3.52774,
-0.0244682,-0.0227311,-0.020872,
-0.560745,-0.542845,-0.538896,
3.54119,3.52774,3.52589,
-0.0227311,-0.020872,-0.0340241,
-0.542845,-0.538896,-0.541782,
3.52774,3.52589,3.51355,
-0.020872,-0.0340241,-0.0222394,
-0.538896,-0.541782,-0.512266,
3.52589,3.51355,3.50836,
-0.0340241,-0.0222394,-0.0189308,
-0.541782,-0.512266,-0.502064,
3.51355,3.50836,3.50366,
-0.0222394,-0.0189308,-0.0208942,
-0.512266,-0.502064,-0.496229,
3.50836,3.50366,3.50033,
-0.0189308,-0.0208942,-0.0331634,
-0.502064,-0.496229,-0.506851,
3.50366,3.50033,3.48903,
-0.0208942,-0.0331634,-0.0141372,
-0.496229,-0.506851,-0.476931,
3.50033,3.48903,3.48835,
-0.0331634,-0.0141372,-0.0119129,
-0.506851,-0.476931,-0.480317,
3.48903,3.48835,3.48725,
-0.0141372,-0.0119129,-0.00682406,
-0.476931,-0.480317,-0.48354,
3.48835,3.48725,3.47509,
-0.0119129,-0.00682406,0.00050054,
-0.480317,-0.48354,-0.463549,
3.48725,3.47509,3.47465,
-0.00682406,0.00050054,-0.00410892,
-0.48354,-0.463549,-0.469691,
3.47509,3.47465,3.46993,
