0.117313,0.118198,0.118876,
-0.0296284,-0.0295359,-0.0294845,
-0.0284596,-0.0282718,-0.028131,
0.118198,0.118876,0.119328,
-0.0295359,-0.0294845,-0.0294695,
-0.0282718,-0.028131,-0.0280208,
0.118876,0.119328,0.119728,
-0.0294845,-0.0294695,-0.0294865,
-0.028131,-0.0280208,-0.0278895,
0.119328,0.119728,0.119797,
-0.0294695,-0.0294865,-0.0294985,
-0.0280208,-0.0278895,-0.0278841,
0.119728,0.119797,0.11982,
-0.0294865,-0.0294985,-0.0295187,
-0.0278895,-0.0278841,-0.0278657,
0.119797,0.11982,0.119623,
-0.0294985,-0.0295187,-0.029568,
-0.0278841,-0.0278657,-0.0279206,
0.11982,0.119623,0.119512,
-0.0295187,-0.029568,-0.029584,
-0.0278657,-0.0279206,-0.0278865,
0.119623,0.119512,0.11941,
-0.029568,-0.029584,-0.0295865,
-0.0279206,-0.0278865,-0.0279243,
0.119512,0.11941,0.119218,
-0.029584,-0.0295865,-0.0295804,
-0.0278865,-0.0279243,-0.0278923,
0.11941,0.119218,0.119068,
-0.0295865,-0.0295804,-0.0295862,
-0.0279243,-0.0278923,-0.02785,
0.119218,0.119068,0.118725,
-0.0295804,-0.0295862,-0.029633,
-0.0278923,-0.02785,-0.0279055,
0.119068,0.118725,0.118612,
-0.0295862,-0.029633,-0.0296401,
-0.02785,-0.0279055,-0.0278861,
0.118725,0.118612,0.118549,
-0.029633,-0.0296401,-0.0296546,
-0.0279055,-0.0278861,-0.0278945,
0.118612,0.118549,0.118469,
-0.0296401,-0.0296546,-0.0296933,
-0.0278861,-0.0278945,-0.0279306,
0.118549,0.118469,0.118441,
-0.0296546,-0.0296933,-0.0296829,
-0.0278945,-0.0279306,-0.0279274,
0.118469,0.118441,0.118417,
-0.0296933,-0.0296829,-0.0296581,
-0.0279306,-0.0279274,-0.0279329,
0.118441,0.118417,0.118429,
-0.0296829,-0.0296581,-0.0296269,
-0.0279274,-0.0279329,-0.0279317,
0.118417,0.118429,0.118455,
-0.0296581,-0.0296269,-0.0296205,
-0.0279329,-0.0279317,-0.0279424,
0.118429,0.118455,0.118523,
-0.0296269,-0.0296205,-0.0295987,
-0.0279317,-0.0279424,-0.0279303,
0.118455,0.118523,0.118587,
-0.0296205,-0.0295987,-0.0295377,
-0.0279424,-0.0279303,-0.0279584,
0.118523,0.118587,0.118613,
-0.0295987,-0.0295377,-0.0294918,
-0.0279303,-0.0279584,-0.0279794,
0.118587,0.118613,0.118642,
-0.0295377,-0.0294918,-0.0294068,
-0.0279584,-0.0279794,-0.0279324,
0.118613,0.118642,0.118693,
-0.0294918,-0.0294068,-0.0293808,
-0.0279794,-0.0279324,-0.02793,
0.118642,0.118693,0.118762,
-0.0294068,-0.0293808,-0.0294129,
-0.0279324,-0.02793,-0.0279531,
0.118693,0.118762,0.118801,
-0.0293808,-0.0294129,-0.0295049,
-0.02793,-0.0279531,-0.0280076,
0.118762,0.118801,0.118807,
-0.0294129,-0.0295049,-0.0297096,
-0.0279531,-0.0280076,-0.0281894,
0.118801,0.118807,0.118778,
-0.0295049,-0.0297096,-0.0299692,
-0.0280076,-0.0281894,-0.0281885,
0.118807,0.118778,0.118779,
-0.0297096,-0.0299692,-0.0298759,
-0.0281894,-0.0281885,-0.0280203,
0.118778,0.118779,0.118753,
-0.0299692,-0.0298759,-0.0297128,
-0.0281885,-0.0280203,-0.0280088,
0.118779,0.118753,0.118778,
-0.0298759,-0.0297128,-0.0295342,
-0.0280203,-0.0280088,-0.0279955,
0.118753,0.118778,0.118814,
-0.0297128,-0.0295342,-0.0294218,
-0.0280088,-0.0279955,-0.027941,
0.118778,0.118814,0.118822,
-0.0295342,-0.0294218,-0.0294117,
-0.0279955,-0.027941,-0.0279468,
0.118814,0.118822,0.118796,
-0.0294218,-0.0294117,-0.0294274,
-0.027941,-0.0279468,-0.0279891,
0.118822,0.118796,0.118752,
-0.0294117,-0.0294274,-0.0294519,
-0.0279468,-0.0279891,-0.0280467,
0.118796,0.118752,0.118771,
-0.0294274,-0.0294519,-0.0298004,
-0.0279891,-0.0280467,-0.0284282,
0.118752,0.118771,0.118804,
-0.0294519,-0.0298004,-0.0296864,
-0.0280467,-0.0284282,-0.0283919,
0.118771,0.118804,0.118802,
-0.0298004,-0.0296864,-0.029559,
-0.0284282,-0.0283919,-0.0283826,
0.118804,0.118802,0.118862,
-0.0296864,-0.029559,-0.029634,
-0.0283919,-0.0283826,-0.0287197,
0.118802,0.118862,0.118987,
-0.029559,-0.029634,-0.0296408,
-0.0283826,-0.0287197,-0.0286638,
0.118862,0.118987,0.11911,
-0.029634,-0.0296408,-0.0297616,
-0.0287197,-0.0286638,-0.0286055,
0.118987,0.11911,0.118954,
-0.0296408,-0.0297616,-0.029909,
-0.0286638,-0.0286055,-0.0285068,
0.11911,0.118954,0.118735,
-0.0297616,-0.029909,-0.0300751,
-0.0286055,-0.0285068,-0.0283126,
0.118954,0.118735,0.118847,
-0.029909,-0.0300751,-0.0305167,
-0.0285068,-0.0283126,-0.0278723,
0.118735,0.118847,0.118999,
-0.0300751,-0.0305167,-0.0306541,
-0.0283126,-0.0278723,-0.0275705,
0.118847,0.118999,0.119071,
-0.0305167,-0.0306541,-0.0308835,
-0.0278723,-0.0275705,-0.0271659,
0.118999,0.119071,0.119164,
-0.0306541,-0.0308835,-0.0309109,
-0.0275705,-0.0271659,-0.0276076,
0.119071,0.119164,0.11917,
-0.0308835,-0.0309109,-0.0306809,
-0.0271659,-0.0276076,-0.0279417,
0.119164,0.11917,0.119105,
-0.0309109,-0.0306809,-0.0305568,
-0.0276076,-0.0279417,-0.0284333,
0.11917,0.119105,0.119057,
-0.0306809,-0.0305568,-0.0303929,
-0.0279417,-0.0284333,-0.0289369,
0.119105,0.119057,0.119077,
-0.0305568,-0.0303929,-0.0301459,
-0.0284333,-0.0289369,-0.0292801,
0.119057,0.119077,0.119199,
-0.0303929,-0.0301459,-0.030746,
-0.0289369,-0.0292801,-0.0290434,
0.119077,0.119199,0.119238,
-0.0301459,-0.030746,-0.0307229,
-0.0292801,-0.0290434,-0.028829,
0.119199,0.119238,0.11926,
-0.030746,-0.0307229,-0.0308425,
-0.0290434,-0.028829,-0.0285734,
0.119238,0.11926,0.119278,
-0.0307229,-0.0308425,-0.0313554,
-0.028829,-0.0285734,-0.0287216,
0.11926,0.119278,0.119261,
-0.0308425,-0.0313554,-0.0312542,
-0.0285734,-0.0287216,-0.0287788,
0.119278,0.119261,0.11948,
-0.0313554,-0.0312542,-0.0310574,
-0.0287216,-0.0287788,-0.0288153,
0.119261,0.11948,0.11966,
-0.0312542,-0.0310574,-0.0312347,
-0.0287788,-0.0288153,-0.0289797,
0.11948,0.11966,0.119839,
-0.0310574,-0.0312347,-0.031466,
-0.0288153,-0.0289797,-0.0290966,
0.11966,0.119839,0.12009,
-0.0312347,-0.031466,-0.0316384,
-0.0289797,-0.0290966,-0.028799,
0.119839,0.12009,0.119935,
-0.031466,-0.0316384,-0.031858,
-0.0290966,-0.028799,-0.0287466,
0.12009,0.119935,0.119735,
-0.0316384,-0.031858,-0.0321259,
-0.028799,-0.0287466,-0.0285783,
0.119935,0.119735,0.119569,
-0.031858,-0.0321259,-0.032121,
-0.0287466,-0.0285783,-0.028351,
0.119735,0.119569,0.119517,
-0.0321259,-0.032121,-0.0324203,
-0.0285783,-0.028351,-0.0286244,
0.119569,0.119517,0.119657,
-0.032121,-0.0324203,-0.0331216,
-0.028351,-0.0286244,-0.0290112,
0.119517,0.119657,0.119729,
-0.0324203,-0.0331216,-0.0340187,
-0.0286244,-0.0290112,-0.0289849,
0.119657,0.119729,0.119537,
-0.0331216,-0.0340187,-0.0352523,
-0.0290112,-0.0289849,-0.0279196,
0.119729,0.119537,0.118211,
-0.0340187,-0.0352523,-0.0413148,
-0.0289849,-0.0279196,-0.023009,
0.119537,0.118211,0.117178,
-0.0352523,-0.0413148,-0.0476308,
-0.0279196,-0.023009,-0.0198454,
0.118211,0.117178,0.115881,
-0.0413148,-0.0476308,-0.0565981,
-0.023009,-0.0198454,-0.0163435,
0.117178,0.115881,0.112595,
-0.0476308,-0.0565981,-0.0840678,
-0.0198454,-0.0163435,-0.00984455,
0.115881,0.112595,0.111023,
-0.0565981,-0.0840678,-0.101862,
-0.0163435,-0.00984455,-0.00721085,
0.112595,0.111023,0.109681,
-0.0840678,-0.101862,-0.12203,
-0.00984455,-0.00721085,-0.00518592,
0.111023,0.109681,0.108619,
-0.101862,-0.12203,-0.142898,
-0.00721085,-0.00518592,-0.00394875,
0.109681,0.108619,0.107625,
-0.12203,-0.142898,-0.163135,
-0.00518592,-0.00394875,-0.00304933,
0.108619,0.107625,0.10554,
-0.142898,-0.163135,-0.191358,
-0.00394875,-0.00304933,0.00167807,
0.107625,0.10554,0.104175,
-0.163135,-0.191358,-0.19794,
-0.00304933,0.00167807,0.00634357,
0.10554,0.104175,0.102549,
-0.191358,-0.19794,-0.199666,
0.00167807,0.00634357,0.0122538,
0.104175,0.102549,0.0993544,
-0.19794,-0.199666,-0.195815,
0.00634357,0.0122538,0.0254385,
0.102549,0.0993544,0.0978052,
-0.199666,-0.195815,-0.193362,
0.0122538,0.0254385,0.0315689,
0.0993544,0.0978052,0.0964136,
-0.195815,-0.193362,-0.19167,
0.0254385,0.0315689,0.0368376,
0.0978052,0.0964136,0.0951554,
-0.193362,-0.19167,-0.191033,
0.0315689,0.0368376,0.0413103,
0.0964136,0.0951554,0.0943311,
-0.19167,-0.191033,-0.191095,
0.0368376,0.0413103,0.0449831,
0.0951554,0.0943311,0.0932145,
-0.191033,-0.191095,-0.194782,
0.0413103,0.0449831,0.0501084,
0.0943311,0.0932145,0.0928826,
-0.191095,-0.194782,-0.197904,
0.0449831,0.0501084,0.0516062,
0.0932145,0.0928826,0.0928457,
-0.194782,-0.197904,-0.201641,
0.0501084,0.0516062,0.0524282,
0.0928826,0.0928457,0.0932992,
-0.197904,-0.201641,-0.211336,
0.0516062,0.0524282,0.0528223,
0.0928457,0.0932992,0.0938596,
-0.201641,-0.211336,-0.216977,
0.0524282,0.0528223,0.0520386,
0.0932992,0.0938596,0.0946843,
-0.211336,-0.216977,-0.223083,
0.0528223,0.0520386,0.0505508,
0.0938596,0.0946843,0.0956169,
-0.216977,-0.223083,-0.229754,
0.0520386,0.0505508,0.0486579,
0.0946843,0.0956169,0.096632,
-0.223083,-0.229754,-0.236619,
0.0505508,0.0486579,0.0466199,
0.0956169,0.096632,0.0986777,
-0.229754,-0.236619,-0.249203,
0.0486579,0.0466199,0.0430726,
0.096632,0.0986777,0.100024,
-0.236619,-0.249203,-0.255959,
0.0466199,0.0430726,0.0418986,
0.0986777,0.100024,0.101457,
-0.249203,-0.255959,-0.263674,
0.0430726,0.0418986,0.0413518,
0.100024,0.101457,0.104024,
-0.255959,-0.263674,-0.2822,
0.0418986,0.0413518,0.0423408,
0.101457,0.104024,0.104308,
-0.263674,-0.2822,-0.292575,
0.0413518,0.0423408,0.0440598,
0.104024,0.104308,0.103842,
-0.2822,-0.292575,-0.303529,
0.0423408,0.0440598,0.0464719,
0.104308,0.103842,0.102713,
-0.292575,-0.303529,-0.314745,
0.0440598,0.0464719,0.0496467,
0.103842,0.102713,0.100861,
-0.303529,-0.314745,-0.32588,
0.0464719,0.0496467,0.0536624,
0.102713,0.100861,0.0952246,
-0.314745,-0.32588,-0.348026,
0.0496467,0.0536624,0.0633208,
0.100861,0.0952246,0.0920525,
-0.32588,-0.348026,-0.358922,
0.0536624,0.0633208,0.068604,
0.0952246,0.0920525,0.0890567,
-0.348026,-0.358922,-0.369634,
0.0633208,0.068604,0.0742694,
0.0920525,0.0890567,0.0830469,
-0.358922,-0.369634,-0.389432,
0.068604,0.0742694,0.086399,
0.0890567,0.0830469,0.0801708,
-0.369634,-0.389432,-0.398234,
0.0742694,0.086399,0.0928947,
0.0830469,0.0801708,0.0773593,
-0.389432,-0.398234,-0.407108,
0.086399,0.0928947,0.0995159,
0.0801708,0.0773593,0.0743866,
-0.398234,-0.407108,-0.415545,
0.0928947,0.0995159,0.106285,
0.0773593,0.0743866,0.0711824,
-0.407108,-0.415545,-0.423915,
0.0995159,0.106285,0.11318,
0.0743866,0.0711824,0.0642311,
-0.415545,-0.423915,-0.439665,
0.106285,0.11318,0.126719,
0.0711824,0.0642311,0.0605831,
-0.423915,-0.439665,-0.447453,
0.11318,0.126719,0.133811,
0.0642311,0.0605831,0.0567405,
-0.439665,-0.447453,-0.45523,
0.126719,0.133811,0.141188,
0.0605831,0.0567405,0.0494068,
-0.447453,-0.45523,-0.470356,
0.133811,0.141188,0.156728,
0.0567405,0.0494068,0.0460553,
-0.45523,-0.470356,-0.477119,
0.141188,0.156728,0.164522,
0.0494068,0.0460553,0.0428645,
-0.470356,-0.477119,-0.483068,
0.156728,0.164522,0.172431,
0.0460553,0.0428645,0.0398376,
-0.477119,-0.483068,-0.488564,
0.164522,0.172431,0.180695,
0.0428645,0.0398376,0.037196,
-0.483068,-0.488564,-0.493715,
0.172431,0.180695,0.189154,
0.0398376,0.037196,0.0326491,
-0.488564,-0.493715,-0.502729,
0.180695,0.189154,0.206396,
0.037196,0.0326491,0.0306148,
-0.493715,-0.502729,-0.506229,
0.189154,0.206396,0.21535,
0.0326491,0.0306148,0.0285622,
-0.502729,-0.506229,-0.509076,
0.206396,0.21535,0.224622,
0.0306148,0.0285622,0.0245909,
-0.506229,-0.509076,-0.513943,
0.21535,0.224622,0.243765,
0.0285622,0.0245909,0.022529,
-0.509076,-0.513943,-0.515981,
0.224622,0.243765,0.253723,
0.0245909,0.022529,0.0203044,
-0.513943,-0.515981,-0.517691,
0.243765,0.253723,0.264047,
0.022529,0.0203044,0.0180614,
-0.515981,-0.517691,-0.518963,
0.253723,0.264047,0.274786,
0.0203044,0.0180614,0.0157501,
-0.517691,-0.518963,-0.519809,
0.264047,0.274786,0.286063,
0.0180614,0.0157501,0.0112315,
-0.518963,-0.519809,-0.520461,
0.274786,0.286063,0.310334,
0.0157501,0.0112315,0.00916136,
-0.519809,-0.520461,-0.52039,
0.286063,0.310334,0.323316,
0.0112315,0.00916136,0.00717352,
-0.520461,-0.52039,-0.520095,
0.310334,0.323316,0.336738,
0.00916136,0.00717352,0.00341976,
-0.52039,-0.520095,-0.519738,
0.323316,0.336738,0.364847,
0.00717352,0.00341976,0.00180106,
-0.520095,-0.519738,-0.519683,
0.336738,0.364847,0.37969,
0.00341976,0.00180106,0.000223575,
-0.519738,-0.519683,-0.519646,
0.364847,0.37969,0.394859,
0.00180106,0.000223575,-0.00108784,
-0.519683,-0.519646,-0.519577,
0.37969,0.394859,0.41034,
0.000223575,-0.00108784,-0.00249017,
-0.519646,-0.519577,-0.519433,
0.394859,0.41034,0.426515,
-0.00108784,-0.00249017,-0.00430358,
-0.519577,-0.519433,-0.519376,
0.41034,0.426515,0.461113,
-0.00249017,-0.00430358,-0.00513798,
-0.519433,-0.519376,-0.519684,
0.426515,0.461113,0.479249,
-0.00430358,-0.00513798,-0.00591942,
-0.519376,-0.519684,-0.519978,
0.461113,0.479249,0.497948,
-0.00513798,-0.00591942,-0.00787906,
-0.519684,-0.519978,-0.519926,
0.479249,0.497948,0.536739,
-0.00591942,-0.00787906,-0.00864545,
-0.519978,-0.519926,-0.519319,
0.497948,0.536739,0.556627,
-0.00787906,-0.00864545,-0.00927802,
-0.519926,-0.519319,-0.518789,
0.536739,0.556627,0.57657,
-0.00864545,-0.00927802,-0.0100957,
-0.519319,-0.518789,-0.518292,
0.556627,0.57657,0.596477,
-0.00927802,-0.0100957,-0.0108675,
-0.518789,-0.518292,-0.517615,
0.57657,0.596477,0.616611,
-0.0100957,-0.0108675,-0.0126071,
-0.518292,-0.517615,-0.516805,
0.596477,0.616611,0.656798,
-0.0108675,-0.0126071,-0.0137025,
-0.517615,-0.516805,-0.516427,
0.616611,0.656798,0.676849,
-0.0126071,-0.0137025,-0.0148675,
-0.516805,-0.516427,-0.516168,
0.656798,0.676849,0.6965,
-0.0137025,-0.0148675,-0.0178551,
-0.516427,-0.516168,-0.515813,
0.676849,0.6965,0.73419,
-0.0148675,-0.0178551,-0.0194469,
-0.516168,-0.515813,-0.515556,
0.6965,0.73419,0.752429,
-0.0178551,-0.0194469,-0.0211572,
-0.515813,-0.515556,-0.515538,
0.73419,0.752429,0.769691,
-0.0194469,-0.0211572,-0.0231155,
-0.515556,-0.515538,-0.515003,
0.752429,0.769691,0.786298,
-0.0211572,-0.0231155,-0.0252107,
-0.515538,-0.515003,-0.514196,
0.769691,0.786298,0.802213,
-0.0231155,-0.0252107,-0.0296164,
-0.515003,-0.514196,-0.513059,
0.786298,0.802213,0.831555,
-0.0252107,-0.0296164,-0.0318251,
-0.514196,-0.513059,-0.512706,
0.802213,0.831555,0.845378,
-0.0296164,-0.0318251,-0.0335694,
-0.513059,-0.512706,-0.512514,
0.831555,0.845378,0.859073,
-0.0318251,-0.0335694,-0.0354538,
-0.512706,-0.512514,-0.512215,
0.845378,0.859073,0.886145,
-0.0335694,-0.0354538,-0.0356908,
-0.512514,-0.512215,-0.512397,
0.859073,0.886145,0.899638,
-0.0354538,-0.0356908,-0.0354836,
-0.512215,-0.512397,-0.512448,
0.886145,0.899638,0.91309,
-0.0356908,-0.0354836,-0.0348838,
-0.512397,-0.512448,-0.512402,
0.899638,0.91309,0.926435,
-0.0354836,-0.0348838,-0.033963,
-0.512448,-0.512402,-0.512078,
0.91309,0.926435,0.939706,
-0.0348838,-0.033963,-0.0311016,
-0.512402,-0.512078,-0.509888,
0.926435,0.939706,0.967264,
-0.033963,-0.0311016,-0.0291152,
-0.512078,-0.509888,-0.508857,
0.939706,0.967264,0.980927,
-0.0311016,-0.0291152,-0.0269868,
-0.509888,-0.508857,-0.507867,
0.967264,0.980927,0.99427,
-0.0291152,-0.0269868,-0.0210588,
-0.508857,-0.507867,-0.505908,
0.980927,0.99427,1.01925,
-0.0269868,-0.0210588,-0.0169683,
-0.507867,-0.505908,-0.505023,
0.99427,1.01925,1.03055,
-0.0210588,-0.0169683,-0.0120576,
-0.505908,-0.505023,-0.504257,
1.01925,1.03055,1.04066,
-0.0169683,-0.0120576,-0.00628644,
-0.505023,-0.504257,-0.503697,
1.03055,1.04066,1.04935,
-0.0120576,-0.00628644,0.000241254,
-0.504257,-0.503697,-0.502961,
1.04066,1.04935,1.05705,
-0.00628644,0.000241254,0.0155937,
-0.503697,-0.502961,-0.501496,
1.04935,1.05705,1.07013,
0.000241254,0.0155937,0.0240101,
-0.502961,-0.501496,-0.5008,
1.05705,1.07013,1.07609,
0.0155937,0.0240101,0.0325265,
-0.501496,-0.5008,-0.499898,
1.07013,1.07609,1.08197,
0.0240101,0.0325265,0.0500432,
-0.5008,-0.499898,-0.49856,
1.07609,1.08197,1.0934,
0.0325265,0.0500432,0.0585673,
-0.499898,-0.49856,-0.497885,
1.08197,1.0934,1.09887,
0.0500432,0.0585673,0.0667222,
-0.49856,-0.497885,-0.497529,
1.0934,1.09887,1.10409,
0.0585673,0.0667222,0.0745516,
-0.497885,-0.497529,-0.497302,
1.09887,1.10409,1.10925,
0.0667222,0.0745516,0.081931,
-0.497529,-0.497302,-0.497375,
1.10409,1.10925,1.11401,
0.0745516,0.081931,0.0947776,
-0.497302,-0.497375,-0.498284,
1.10925,1.11401,1.12279,
0.081931,0.0947776,0.100125,
-0.497375,-0.498284,-0.499338,
1.11401,1.12279,1.12625,
0.0947776,0.100125,0.103902,
-0.498284,-0.499338,-0.50097,
1.12279,1.12625,1.12932,
0.100125,0.103902,0.108264,
-0.499338,-0.50097,-0.5051,
1.12625,1.12932,1.13478,
0.103902,0.108264,0.109093,
-0.50097,-0.5051,-0.509538,
1.12932,1.13478,1.13652,
0.108264,0.109093,0.109719,
-0.5051,-0.509538,-0.516844,
1.13478,1.13652,1.13662,
0.109093,0.109719,0.11064,
-0.509538,-0.516844,-0.527529,
1.13652,1.13662,1.13475,
0.109719,0.11064,0.111865,
-0.516844,-0.527529,-0.541571,
1.13662,1.13475,1.13064,
0.11064,0.111865,0.115257,
-0.527529,-0.541571,-0.575553,
1.13475,1.13064,1.11677,
0.111865,0.115257,0.11781,
-0.541571,-0.575553,-0.593654,
1.13064,1.11677,1.10783,
0.115257,0.11781,0.120788,
-0.575553,-0.593654,-0.611179,
1.11677,1.10783,1.09786,
0.11781,0.120788,0.12857,
-0.593654,-0.611179,-0.64371,
1.10783,1.09786,1.07442,
0.120788,0.12857,0.133093,
-0.611179,-0.64371,-0.658716,
1.09786,1.07442,1.06102,
0.12857,0.133093,0.137965,
-0.64371,-0.658716,-0.672392,
1.07442,1.06102,1.04697,
0.133093,0.137965,0.143435,
-0.658716,-0.672392,-0.685517,
1.06102,1.04697,1.03206,
0.137965,0.143435,0.149252,
-0.672392,-0.685517,-0.697699,
1.04697,1.03206,1.01684,
0.143435,0.149252,0.162643,
-0.685517,-0.697699,-0.719655,
1.03206,1.01684,0.986738,
0.149252,0.162643,0.170162,
-0.697699,-0.719655,-0.72923,
1.01684,0.986738,0.972465,
0.162643,0.170162,0.178343,
-0.719655,-0.72923,-0.738189,
0.986738,0.972465,0.958634,
0.170162,0.178343,0.19647,
-0.72923,-0.738189,-0.753982,
0.972465,0.958634,0.931642,
0.178343,0.19647,0.206703,
-0.738189,-0.753982,-0.761363,
0.958634,0.931642,0.918021,
0.19647,0.206703,0.217445,
-0.753982,-0.761363,-0.768296,
0.931642,0.918021,0.904533,
0.206703,0.217445,0.228857,
-0.761363,-0.768296,-0.77442,
0.918021,0.904533,0.891514,
0.217445,0.228857,0.240969,
-0.768296,-0.77442,-0.779899,
0.904533,0.891514,0.878746,
0.228857,0.240969,0.266993,
-0.77442,-0.779899,-0.790099,
0.891514,0.878746,0.853815,
0.240969,0.266993,0.280726,
-0.779899,-0.790099,-0.794771,
0.878746,0.853815,0.841684,
0.266993,0.280726,0.294755,
-0.790099,-0.794771,-0.799547,
0.853815,0.841684,0.829518,
0.280726,0.294755,0.322916,
-0.794771,-0.799547,-0.807394,
0.841684,0.829518,0.806325,
0.294755,0.322916,0.336443,
-0.799547,-0.807394,-0.809894,
0.829518,0.806325,0.795735,
0.322916,0.336443,0.349622,
-0.807394,-0.809894,-0.811515,
0.806325,0.795735,0.786094,
0.336443,0.349622,0.363002,
-0.809894,-0.811515,-0.813261,
0.795735,0.786094,0.77688,
0.349622,0.363002,0.376659,
-0.811515,-0.813261,-0.815294,
0.786094,0.77688,0.76803,
0.363002,0.376659,0.405362,
-0.813261,-0.815294,-0.820643,
0.77688,0.76803,0.751419,
0.376659,0.405362,0.420549,
-0.815294,-0.820643,-0.823905,
0.76803,0.751419,0.743802,
0.405362,0.420549,0.436579,
-0.820643,-0.823905,-0.827481,
0.751419,0.743802,0.736636,
0.420549,0.436579,0.470272,
-0.823905,-0.827481,-0.835633,
0.743802,0.736636,0.723715,
0.436579,0.470272,0.487632,
-0.827481,-0.835633,-0.839963,
0.736636,0.723715,0.718129,
0.470272,0.487632,0.505087,
-0.835633,-0.839963,-0.844155,
0.723715,0.718129,0.713242,
0.487632,0.505087,0.522498,
-0.839963,-0.844155,-0.848503,
0.718129,0.713242,0.709207,
0.505087,0.522498,0.53964,
-0.844155,-0.848503,-0.853113,
0.713242,0.709207,0.705611,
0.522498,0.53964,0.572114,
-0.848503,-0.853113,-0.863028,
0.709207,0.705611,0.698487,
0.53964,0.572114,0.587046,
-0.853113,-0.863028,-0.868168,
0.705611,0.698487,0.694515,
0.572114,0.587046,0.601229,
-0.863028,-0.868168,-0.873556,
0.698487,0.694515,0.689719,
0.587046,0.601229,0.627236,
-0.868168,-0.873556,-0.884907,
0.694515,0.689719,0.67689,
0.601229,0.627236,0.63901,
-0.873556,-0.884907,-0.890865,
0.689719,0.67689,0.668721,
0.627236,0.63901,0.649956,
-0.884907,-0.890865,-0.896953,
0.67689,0.668721,0.659484,
0.63901,0.649956,0.660454,
-0.890865,-0.896953,-0.903027,
0.668721,0.659484,0.648984,
0.649956,0.660454,0.669961,
-0.896953,-0.903027,-0.90903,
0.659484,0.648984,0.637945,
0.660454,0.669961,0.686671,
-0.903027,-0.90903,-0.920415,
0.648984,0.637945,0.615505,
0.669961,0.686671,0.694196,
-0.90903,-0.920415,-0.925718,
0.637945,0.615505,0.604591,
0.686671,0.694196,0.701042,
-0.920415,-0.925718,-0.929628,
0.615505,0.604591,0.594316,
0.694196,0.701042,0.712566,
-0.925718,-0.929628,-0.929525,
0.604591,0.594316,0.577726,
0.701042,0.712566,0.717518,
-0.929628,-0.929525,-0.925244,
0.594316,0.577726,0.571228,
0.712566,0.717518,0.722047,
-0.929525,-0.925244,-0.917843,
0.577726,0.571228,0.566368,
0.717518,0.722047,0.726501,
-0.925244,-0.917843,-0.908296,
0.571228,0.566368,0.562515,
0.722047,0.726501,0.730483,
-0.917843,-0.908296,-0.899378,
0.566368,0.562515,0.558418,
0.726501,0.730483,0.736321,
-0.908296,-0.899378,-0.888701,
0.562515,0.558418,0.547209,
0.730483,0.736321,0.738301,
-0.899378,-0.888701,-0.887939,
0.558418,0.547209,0.539666,
0.736321,0.738301,0.740241,
-0.888701,-0.887939,-0.890208,
0.547209,0.539666,0.530142,
0.738301,0.740241,0.742657,
-0.887939,-0.890208,-0.900141,
0.539666,0.530142,0.508326,
0.740241,0.742657,0.742959,
-0.890208,-0.900141,-0.904304,
0.530142,0.508326,0.497524,
0.742657,0.742959,0.74262,
-0.900141,-0.904304,-0.905452,
0.508326,0.497524,0.48787,
0.742959,0.74262,0.741672,
-0.904304,-0.905452,-0.903667,
0.497524,0.48787,0.47917,
0.74262,0.741672,0.740394,
-0.905452,-0.903667,-0.898726,
0.48787,0.47917,0.471501,
0.741672,0.740394,0.736011,
-0.903667,-0.898726,-0.879219,
0.47917,0.471501,0.460807,
0.740394,0.736011,0.733457,
-0.898726,-0.879219,-0.865124,
0.471501,0.460807,0.457534,
0.736011,0.733457,0.731049,
-0.879219,-0.865124,-0.849666,
0.460807,0.457534,0.455123,
0.733457,0.731049,0.72727,
-0.865124,-0.849666,-0.818429,
0.457534,0.455123,0.451295,
0.731049,0.72727,0.725565,
-0.849666,-0.818429,-0.802644,
0.455123,0.451295,0.449948,
0.72727,0.725565,0.723776,
-0.818429,-0.802644,-0.78674,
0.451295,0.449948,0.449254,
0.725565,0.723776,0.722528,
-0.802644,-0.78674,-0.769978,
0.449948,0.449254,0.449233,
0.723776,0.722528,0.721726,
-0.78674,-0.769978,-0.752129,
0.449254,0.449233,0.449868,
0.722528,0.721726,0.721793,
-0.769978,-0.752129,-0.714379,
0.449233,0.449868,0.452713,
0.721726,0.721793,0.723055,
-0.752129,-0.714379,-0.694632,
0.449868,0.452713,0.454696,
0.721793,0.723055,0.725147,
-0.714379,-0.694632,-0.674268,
0.452713,0.454696,0.45711,
0.723055,0.725147,0.732553,
-0.694632,-0.674268,-0.63413,
0.454696,0.45711,0.461614,
0.725147,0.732553,0.737873,
-0.674268,-0.63413,-0.616898,
0.45711,0.461614,0.462793,
0.732553,0.737873,0.74434,
-0.63413,-0.616898,-0.602095,
0.461614,0.462793,0.462927,
0.737873,0.74434,0.752106,
-0.616898,-0.602095,-0.589794,
0.462793,0.462927,0.461865,
0.74434,0.752106,0.760691,
-0.602095,-0.589794,-0.579924,
0.462927,0.461865,0.459932,
0.752106,0.760691,0.780694,
-0.589794,-0.579924,-0.567636,
0.461865,0.459932,0.452273,
0.760691,0.780694,0.791936,
-0.579924,-0.567636,-0.565784,
0.459932,0.452273,0.446989,
0.780694,0.791936,0.804146,
-0.567636,-0.565784,-0.565998,
0.452273,0.446989,0.440457,
0.791936,0.804146,0.830588,
-0.565784,-0.565998,-0.573238,
0.446989,0.440457,0.42417,
0.804146,0.830588,0.845458,
-0.565998,-0.573238,-0.577554,
0.440457,0.42417,0.415374,
0.830588,0.845458,0.861343,
-0.573238,-0.577554,-0.58087,
0.42417,0.415374,0.406668,
0.845458,0.861343,0.878047,
-0.577554,-0.58087,-0.583261,
0.415374,0.406668,0.398351,
0.861343,0.878047,0.895415,
-0.58087,-0.583261,-0.58509,
0.406668,0.398351,0.390405,
0.878047,0.895415,0.932533,
-0.583261,-0.58509,-0.587487,
0.398351,0.390405,0.372724,
0.895415,0.932533,0.952169,
-0.58509,-0.587487,-0.587886,
0.390405,0.372724,0.363323,
0.932533,0.952169,0.972223,
-0.587487,-0.587886,-0.587151,
0.372724,0.363323,0.354336,
0.952169,0.972223,1.01345,
-0.587886,-0.587151,-0.5844,
0.363323,0.354336,0.334973,
0.972223,1.01345,1.03441,
-0.587151,-0.5844,-0.582693,
0.354336,0.334973,0.32527,
1.01345,1.03441,1.05558,
-0.5844,-0.582693,-0.580535,
0.334973,0.32527,0.315868,
1.03441,1.05558,1.07686,
-0.582693,-0.580535,-0.577671,
0.32527,0.315868,0.30687,
1.05558,1.07686,1.09808,
-0.580535,-0.577671,-0.574595,
0.315868,0.30687,0.298518,
1.07686,1.09808,1.14035,
-0.577671,-0.574595,-0.568113,
0.30687,0.298518,0.281699,
1.09808,1.14035,1.16078,
-0.574595,-0.568113,-0.564152,
0.298518,0.281699,0.272907,
1.14035,1.16078,1.18048,
-0.568113,-0.564152,-0.560003,
0.281699,0.272907,0.263651,
1.16078,1.18048,1.21617,
-0.564152,-0.560003,-0.549907,
0.272907,0.263651,0.24405,
1.18048,1.21617,1.23177,
-0.560003,-0.549907,-0.543051,
0.263651,0.24405,0.233975,
1.21617,1.23177,1.24608,
-0.549907,-0.543051,-0.535459,
0.24405,0.233975,0.223248,
1.23177,1.24608,1.2591,
-0.543051,-0.535459,-0.526712,
0.233975,0.223248,0.212438,
1.24608,1.2591,1.27084,
-0.535459,-0.526712,-0.517409,
0.223248,0.212438,0.20139,
1.2591,1.27084,1.29018,
-0.526712,-0.517409,-0.496587,
0.212438,0.20139,0.178122,
1.27084,1.29018,1.2981,
-0.517409,-0.496587,-0.485695,
0.20139,0.178122,0.165542,
1.29018,1.2981,1.30523,
-0.496587,-0.485695,-0.474346,
0.178122,0.165542,0.151967,
1.2981,1.30523,1.3169,
-0.485695,-0.474346,-0.450827,
0.165542,0.151967,0.121271,
1.30523,1.3169,1.32186,
-0.474346,-0.450827,-0.438927,
0.151967,0.121271,0.104255,
1.3169,1.32186,1.32627,
-0.450827,-0.438927,-0.426411,
0.121271,0.104255,0.0862207,
1.32186,1.32627,1.33058,
-0.438927,-0.426411,-0.412943,
0.104255,0.0862207,0.0675425,
1.32627,1.33058,1.33506,
-0.426411,-0.412943,-0.398533,
0.0862207,0.0675425,0.0485813,
1.33058,1.33506,1.34537,
-0.412943,-0.398533,-0.369018,
0.0675425,0.0485813,0.00982664,
1.33506,1.34537,1.35204,
-0.398533,-0.369018,-0.353976,
0.0485813,0.00982664,-0.010174,
1.34537,1.35204,1.35946,
-0.369018,-0.353976,-0.338249,
0.00982664,-0.010174,-0.0298915,
1.35204,1.35946,1.37737,
-0.353976,-0.338249,-0.307054,
-0.010174,-0.0298915,-0.0705723,
1.35946,1.37737,1.38771,
-0.338249,-0.307054,-0.291294,
-0.0298915,-0.0705723,-0.0912415,
1.37737,1.38771,1.39902,
-0.307054,-0.291294,-0.275557,
-0.0705723,-0.0912415,-0.112468,
1.38771,1.39902,1.41159,
-0.291294,-0.275557,-0.260148,
-0.0912415,-0.112468,-0.133712,
1.39902,1.41159,1.42548,
-0.275557,-0.260148,-0.244621,
-0.112468,-0.133712,-0.155415,
1.41159,1.42548,1.45678,
-0.260148,-0.244621,-0.215324,
-0.133712,-0.155415,-0.199473,
1.42548,1.45678,1.4739,
-0.244621,-0.215324,-0.201573,
-0.155415,-0.199473,-0.221637,
1.45678,1.4739,1.4919,
-0.215324,-0.201573,-0.189246,
-0.199473,-0.221637,-0.244023,
1.4739,1.4919,1.5294,
-0.201573,-0.189246,-0.166927,
-0.221637,-0.244023,-0.286307,
1.4919,1.5294,1.54861,
-0.189246,-0.166927,-0.158682,
-0.244023,-0.286307,-0.30623,
1.5294,1.54861,1.56802,
-0.166927,-0.158682,-0.153197,
-0.286307,-0.30623,-0.325189,
1.54861,1.56802,1.58774,
-0.158682,-0.153197,-0.150618,
-0.30623,-0.325189,-0.343347,
1.56802,1.58774,1.60764,
-0.153197,-0.150618,-0.151382,
-0.325189,-0.343347,-0.361237,
1.58774,1.60764,1.64715,
-0.150618,-0.151382,-0.16257,
-0.343347,-0.361237,-0.396644,
1.60764,1.64715,1.66692,
-0.151382,-0.16257,-0.171379,
-0.361237,-0.396644,-0.414083,
1.64715,1.66692,1.68642,
-0.16257,-0.171379,-0.18053,
-0.396644,-0.414083,-0.431079,
1.66692,1.68642,1.7245,
-0.171379,-0.18053,-0.199827,
-0.414083,-0.431079,-0.464261,
1.68642,1.7245,1.74319,
-0.18053,-0.199827,-0.209699,
-0.431079,-0.464261,-0.48068,
1.7245,1.74319,1.76125,
-0.199827,-0.209699,-0.219582,
-0.464261,-0.48068,-0.496871,
1.74319,1.76125,1.77859,
-0.209699,-0.219582,-0.229618,
-0.48068,-0.496871,-0.512903,
1.76125,1.77859,1.79477,
-0.219582,-0.229618,-0.239462,
-0.496871,-0.512903,-0.528834,
1.77859,1.79477,1.82349,
-0.229618,-0.239462,-0.258889,
-0.512903,-0.528834,-0.559694,
1.79477,1.82349,1.83641,
-0.239462,-0.258889,-0.26883,
-0.528834,-0.559694,-0.57503,
1.82349,1.83641,1.84858,
-0.258889,-0.26883,-0.278925,
-0.559694,-0.57503,-0.590421,
1.83641,1.84858,1.87083,
-0.26883,-0.278925,-0.299828,
-0.57503,-0.590421,-0.621918,
1.84858,1.87083,1.88115,
-0.278925,-0.299828,-0.310155,
-0.590421,-0.621918,-0.63763,
1.87083,1.88115,1.89123,
-0.299828,-0.310155,-0.320265,
-0.621918,-0.63763,-0.653135,
1.88115,1.89123,1.90135,
-0.310155,-0.320265,-0.330104,
-0.63763,-0.653135,-0.66854,
1.89123,1.90135,1.91151,
-0.320265,-0.330104,-0.339405,
-0.653135,-0.66854,-0.683907,
1.90135,1.91151,1.93118,
-0.330104,-0.339405,-0.350435,
-0.66854,-0.683907,-0.711627,
1.91151,1.93118,1.94065,
-0.339405,-0.350435,-0.351528,
-0.683907,-0.711627,-0.72372,
1.93118,1.94065,1.94978,
-0.350435,-0.351528,-0.349789,
-0.711627,-0.72372,-0.734827,
1.94065,1.94978,1.96621,
-0.351528,-0.349789,-0.337447,
-0.72372,-0.734827,-0.753378,
1.94978,1.96621,1.97327,
-0.349789,-0.337447,-0.326493,
-0.734827,-0.753378,-0.760921,
1.96621,1.97327,1.97948,
-0.337447,-0.326493,-0.31219,
-0.753378,-0.760921,-0.767467,
1.97327,1.97948,1.98529,
-0.326493,-0.31219,-0.295837,
-0.760921,-0.767467,-0.773409,
1.97948,1.98529,1.99026,
-0.31219,-0.295837,-0.278508,
-0.767467,-0.773409,-0.779365,
1.98529,1.99026,1.99752,
-0.295837,-0.278508,-0.242956,
-0.773409,-0.779365,-0.791422,
1.99026,1.99752,1.99978,
-0.278508,-0.242956,-0.224942,
-0.779365,-0.791422,-0.797574,
1.99752,1.99978,2.00159,
-0.242956,-0.224942,-0.207129,
-0.791422,-0.797574,-0.80412,
1.99978,2.00159,2.00469,
-0.224942,-0.207129,-0.171847,
-0.797574,-0.80412,-0.816913,
2.00159,2.00469,2.00627,
-0.207129,-0.171847,-0.154584,
-0.80412,-0.816913,-0.822909,
2.00469,2.00627,2.00808,
-0.171847,-0.154584,-0.13743,
-0.816913,-0.822909,-0.82849,
2.00627,2.00808,2.01038,
-0.154584,-0.13743,-0.121022,
-0.822909,-0.82849,-0.833438,
2.00808,2.01038,2.01296,
-0.13743,-0.121022,-0.105672,
-0.82849,-0.833438,-0.838072,
2.01038,2.01296,2.01825,
-0.121022,-0.105672,-0.0763006,
-0.833438,-0.838072,-0.845155,
2.01296,2.01825,2.02091,
-0.105672,-0.0763006,-0.0626188,
-0.838072,-0.845155,-0.847967,
2.01825,2.02091,2.02319,
-0.0763006,-0.0626188,-0.0498705,
-0.845155,-0.847967,-0.850824,
2.02091,2.02319,2.02596,
-0.0626188,-0.0498705,-0.0291073,
-0.847967,-0.850824,-0.857967,
2.02319,2.02596,2.02677,
-0.0498705,-0.0291073,-0.0232757,
-0.850824,-0.857967,-0.863379,
2.02596,2.02677,2.02695,
-0.0291073,-0.0232757,-0.0201577,
-0.857967,-0.863379,-0.869814,
2.02677,2.02695,2.02679,
-0.0232757,-0.0201577,-0.0195424,
-0.863379,-0.869814,-0.877517,
2.02695,2.02679,2.02659,
-0.0201577,-0.0195424,-0.0217344,
-0.869814,-0.877517,-0.88618,
2.02679,2.02659,2.02579,
-0.0195424,-0.0217344,-0.0239801,
-0.877517,-0.88618,-0.903242,
2.02659,2.02579,2.02491,
-0.0217344,-0.0239801,-0.0204107,
-0.88618,-0.903242,-0.910279,
2.02579,2.02491,2.02367,
-0.0239801,-0.0204107,-0.0135623,
-0.903242,-0.910279,-0.91618,
2.02491,2.02367,2.01948,
-0.0204107,-0.0135623,0.00736033,
-0.910279,-0.91618,-0.924439,
2.02367,2.01948,2.01618,
-0.0135623,0.00736033,0.0197646,
-0.91618,-0.924439,-0.927485,
2.01948,2.01618,2.0123,
0.00736033,0.0197646,0.0322728,
-0.924439,-0.927485,-0.930437,
2.01618,2.0123,2.00762,
0.0197646,0.0322728,0.0456296,
-0.927485,-0.930437,-0.933477,
2.0123,2.00762,2.00254,
0.0322728,0.0456296,0.0595258,
-0.930437,-0.933477,-0.936769,
2.00762,2.00254,1.9907,
0.0456296,0.0595258,0.0919759,
-0.933477,-0.936769,-0.944576,
2.00254,1.9907,1.98433,
0.0595258,0.0919759,0.10991,
-0.936769,-0.944576,-0.94925,
1.9907,1.98433,1.97784,
0.0919759,0.10991,0.128708,
-0.944576,-0.94925,-0.954441,
1.98433,1.97784,1.96625,
0.10991,0.128708,0.168085,
-0.94925,-0.954441,-0.96659,
1.97784,1.96625,1.96164,
0.128708,0.168085,0.187603,
-0.954441,-0.96659,-0.973545,
1.96625,1.96164,1.95814,
0.168085,0.187603,0.205019,
-0.96659,-0.973545,-0.981819,
1.96164,1.95814,1.95615,
0.187603,0.205019,0.219517,
-0.973545,-0.981819,-0.990906,
1.95814,1.95615,1.95608,
0.205019,0.219517,0.231244,
-0.981819,-0.990906,-1.00057,
1.95615,1.95608,1.96146,
0.219517,0.231244,0.248246,
-0.990906,-1.00057,-1.02202,
1.95608,1.96146,1.967,
0.231244,0.248246,0.252927,
-1.00057,-1.02202,-1.03419,
1.96146,1.967,1.97408,
0.248246,0.252927,0.256161,
-1.02202,-1.03419,-1.04648,
1.967,1.97408,1.99228,
0.252927,0.256161,0.26251,
-1.03419,-1.04648,-1.06947,
1.97408,1.99228,2.00281,
0.256161,0.26251,0.265833,
-1.04648,-1.06947,-1.08001,
1.99228,2.00281,2.01407,
0.26251,0.265833,0.268709,
-1.06947,-1.08001,-1.09014,
2.00281,2.01407,2.02532,
0.265833,0.268709,0.271591,
-1.08001,-1.09014,-1.09933,
2.01407,2.02532,2.03639,
0.268709,0.271591,0.27452,
-1.09014,-1.09933,-1.10773,
2.02532,2.03639,2.05605,
0.271591,0.27452,0.282685,
-1.09933,-1.10773,-1.12253,
2.03639,2.05605,2.06515,
0.27452,0.282685,0.287223,
-1.10773,-1.12253,-1.12933,
2.05605,2.06515,2.07462,
0.282685,0.287223,0.293397,
-1.12253,-1.12933,-1.13439,
2.06515,2.07462,2.09561,
0.287223,0.293397,0.305866,
-1.12933,-1.13439,-1.14111,
2.07462,2.09561,2.10809,
0.293397,0.305866,0.311843,
-1.13439,-1.14111,-1.1425,
2.09561,2.10809,2.12185,
0.305866,0.311843,0.318426,
-1.14111,-1.1425,-1.1426,
2.10809,2.12185,2.13732,
0.311843,0.318426,0.324557,
-1.1425,-1.1426,-1.14189,
2.12185,2.13732,2.15462,
0.318426,0.324557,0.33011,
-1.1426,-1.14189,-1.14,
2.13732,2.15462,2.19335,
0.324557,0.33011,0.339083,
-1.14189,-1.14,-1.13267,
2.15462,2.19335,2.21405,
0.33011,0.339083,0.343793,
-1.14,-1.13267,-1.127,
2.19335,2.21405,2.23567,
0.339083,0.343793,0.348023,
-1.13267,-1.127,-1.11987,
2.21405,2.23567,2.28182,
0.343793,0.348023,0.354118,
-1.127,-1.11987,-1.10178,
2.23567,2.28182,2.30694,
0.348023,0.354118,0.354582,
-1.11987,-1.10178,-1.09072,
2.28182,2.30694,2.33355,
0.354118,0.354582,0.353336,
-1.10178,-1.09072,-1.07871,
2.30694,2.33355,2.36152,
0.354582,0.353336,0.350766,
-1.09072,-1.07871,-1.06576,
2.33355,2.36152,2.39067,
0.353336,0.350766,0.347201,
-1.07871,-1.06576,-1.0523,
2.36152,2.39067,2.45104,
0.350766,0.347201,0.340566,
-1.06576,-1.0523,-1.02716,
2.39067,2.45104,2.48216,
0.347201,0.340566,0.337588,
-1.0523,-1.02716,-1.01618,
2.45104,2.48216,2.51353,
0.340566,0.337588,0.335765,
-1.02716,-1.01618,-1.00612,
2.48216,2.51353,2.57537,
0.337588,0.335765,0.3345,
-1.01618,-1.00612,-0.99057,
2.51353,2.57537,2.6047,
0.335765,0.3345,0.334375,
-1.00612,-0.99057,-0.985278,
2.57537,2.6047,2.63235,
0.3345,0.334375,0.334982,
-0.99057,-0.985278,-0.981425,
2.6047,2.63235,2.65807,
0.334375,0.334982,0.335114,
-0.985278,-0.981425,-0.979474,
2.63235,2.65807,2.68195,
0.334982,0.335114,0.335024,
-0.981425,-0.979474,-0.979018,
2.65807,2.68195,2.72314,
0.335114,0.335024,0.33363,
-0.979474,-0.979018,-0.980273,
2.68195,2.72314,2.7395,
0.335024,0.33363,0.332144,
-0.979018,-0.980273,-0.98175,
2.72314,2.7395,2.75279,
0.33363,0.332144,0.330627,
-0.980273,-0.98175,-0.983966,
2.7395,2.75279,2.7687,
0.332144,0.330627,0.326173,
-0.98175,-0.983966,-0.991052,
2.75279,2.7687,2.77094,
0.330627,0.326173,0.323656,
-0.983966,-0.991052,-0.996099,
2.7687,2.77094,2.7695,
0.326173,0.323656,0.322599,
-0.991052,-0.996099,-1.00171,
2.77094,2.7695,2.76444,
0.323656,0.322599,0.321374,
-0.996099,-1.00171,-1.00747,
2.7695,2.76444,2.7568,
0.322599,0.321374,0.320315,
-1.00171,-1.00747,-1.013,
2.76444,2.7568,2.73636,
0.321374,0.320315,0.316444,
-1.00747,-1.013,-1.02193,
2.7568,2.73636,2.72467,
0.320315,0.316444,0.313229,
-1.013,-1.02193,-1.02479,
2.73636,2.72467,2.71236,
0.316444,0.313229,0.309029,
-1.02193,-1.02479,-1.02624,
2.72467,2.71236,2.68619,
0.313229,0.309029,0.299187,
-1.02479,-1.02624,-1.02457,
2.71236,2.68619,2.6727,
0.309029,0.299187,0.293281,
-1.02624,-1.02457,-1.02148,
2.68619,2.6727,2.65913,
0.299187,0.293281,0.286831,
-1.02457,-1.02148,-1.01675,
2.6727,2.65913,2.64542,
0.293281,0.286831,0.27921,
-1.02148,-1.01675,-1.01028,
2.65913,2.64542,2.63186,
0.286831,0.27921,0.270507,
-1.01675,-1.01028,-1.00204,
2.64542,2.63186,2.60477,
0.27921,0.270507,0.250743,
-1.01028,-1.00204,-0.980894,
2.63186,2.60477,2.59117,
0.270507,0.250743,0.240494,
-1.00204,-0.980894,-0.968322,
2.60477,2.59117,2.57737,
0.250743,0.240494,0.230812,
-0.980894,-0.968322,-0.954734,
2.59117,2.57737,2.55023,
0.240494,0.230812,0.211284,
-0.968322,-0.954734,-0.924391,
2.57737,2.55023,2.53701,
0.230812,0.211284,0.201568,
-0.954734,-0.924391,-0.907835,
2.55023,2.53701,2.5243,
0.211284,0.201568,0.192809,
-0.924391,-0.907835,-0.890287,
2.53701,2.5243,2.5119,
0.201568,0.192809,0.18357,
-0.907835,-0.890287,-0.872201,
2.5243,2.5119,2.49972,
0.192809,0.18357,0.17423,
-0.890287,-0.872201,-0.85356,
2.5119,2.49972,2.4768,
0.18357,0.17423,0.154934,
-0.872201,-0.85356,-0.81468,
2.49972,2.4768,2.46652,
0.17423,0.154934,0.145056,
-0.85356,-0.81468,-0.794845,
2.4768,2.46652,2.45716,
0.154934,0.145056,0.135397,
-0.81468,-0.794845,-0.774879,
2.46652,2.45716,2.4402,
0.145056,0.135397,0.116452,
-0.794845,-0.774879,-0.735763,
2.45716,2.4402,2.4323,
0.135397,0.116452,0.107601,
-0.774879,-0.735763,-0.717587,
2.4402,2.4323,2.42484,
0.116452,0.107601,0.0991215,
-0.735763,-0.717587,-0.700412,
2.4323,2.42484,2.41786,
0.107601,0.0991215,0.0907372,
-0.717587,-0.700412,-0.684309,
2.42484,2.41786,2.41192,
0.0991215,0.0907372,0.0829406,
-0.700412,-0.684309,-0.669253,
2.41786,2.41192,2.40334,
0.0907372,0.0829406,0.0687782,
-0.684309,-0.669253,-0.642508,
2.41192,2.40334,2.40082,
0.0829406,0.0687782,0.0626299,
-0.669253,-0.642508,-0.630528,
2.40334,2.40082,2.39955,
0.0687782,0.0626299,0.0569621,
-0.642508,-0.630528,-0.619273,
2.40082,2.39955,2.40077,
0.0626299,0.0569621,0.0459418,
-0.630528,-0.619273,-0.599373,
2.39955,2.40077,2.40337,
0.0569621,0.0459418,0.0409068,
-0.619273,-0.599373,-0.590547,
2.40077,2.40337,2.40713,
0.0459418,0.0409068,0.0361094,
-0.599373,-0.590547,-0.582283,
2.40337,2.40713,2.41204,
0.0409068,0.0361094,0.0321485,
-0.590547,-0.582283,-0.574763,
2.40713,2.41204,2.41799,
0.0361094,0.0321485,0.0287392,
-0.582283,-0.574763,-0.568122,
2.41204,2.41799,2.43167,
0.0321485,0.0287392,0.0240462,
-0.574763,-0.568122,-0.557595,
2.41799,2.43167,2.43937,
0.0287392,0.0240462,0.0225097,
-0.568122,-0.557595,-0.554029,
2.43167,2.43937,2.4473,
0.0240462,0.0225097,0.0217338,
-0.557595,-0.554029,-0.551655,
2.43937,2.4473,2.46456,
0.0225097,0.0217338,0.0232828,
-0.554029,-0.551655,-0.551622,
2.4473,2.46456,2.47323,
0.0217338,0.0232828,0.0259937,
-0.551655,-0.551622,-0.55434,
2.46456,2.47323,2.48195,
0.0232828,0.0259937,0.0302819,
-0.551622,-0.55434,-0.559163,
2.47323,2.48195,2.49053,
0.0259937,0.0302819,0.0362853,
-0.55434,-0.559163,-0.565862,
2.48195,2.49053,2.49903,
0.0302819,0.0362853,0.0438428,
-0.559163,-0.565862,-0.574368,
2.49053,2.49903,2.51655,
0.0362853,0.0438428,0.0641785,
-0.565862,-0.574368,-0.595365,
2.49903,2.51655,2.52557,
0.0438428,0.0641785,0.0758352,
-0.574368,-0.595365,-0.607428,
2.51655,2.52557,2.53481,
0.0641785,0.0758352,0.0879672,
-0.595365,-0.607428,-0.620032,
2.52557,2.53481,2.55482,
0.0758352,0.0879672,0.113311,
-0.607428,-0.620032,-0.64577,
2.53481,2.55482,2.56537,
0.0879672,0.113311,0.125838,
-0.620032,-0.64577,-0.658803,
2.55482,2.56537,2.57567,
0.113311,0.125838,0.138393,
-0.64577,-0.658803,-0.67209,
2.56537,2.57567,2.58576,
0.125838,0.138393,0.151013,
-0.658803,-0.67209,-0.685905,
2.57567,2.58576,2.59567,
0.138393,0.151013,0.163469,
-0.67209,-0.685905,-0.700394,
2.58576,2.59567,2.61449,
0.151013,0.163469,0.186412,
-0.685905,-0.700394,-0.731898,
2.59567,2.61449,2.62327,
0.163469,0.186412,0.197878,
-0.700394,-0.731898,-0.748768,
2.61449,2.62327,2.63156,
0.186412,0.197878,0.209368,
-0.731898,-0.748768,-0.766589,
2.62327,2.63156,2.64613,
0.197878,0.209368,0.231734,
-0.748768,-0.766589,-0.804415,
2.63156,2.64613,2.65169,
0.209368,0.231734,0.241936,
-0.766589,-0.804415,-0.823936,
2.64613,2.65169,2.65593,
0.231734,0.241936,0.251375,
-0.804415,-0.823936,-0.844032,
2.65169,2.65593,2.65885,
0.241936,0.251375,0.260288,
-0.823936,-0.844032,-0.864654,
2.65593,2.65885,2.66054,
0.251375,0.260288,0.268817,
-0.844032,-0.864654,-0.885746,
2.65885,2.66054,2.66041,
0.260288,0.268817,0.284976,
-0.864654,-0.885746,-0.929384,
2.66054,2.66041,2.65917,
0.268817,0.284976,0.29299,
-0.885746,-0.929384,-0.951357,
2.66041,2.65917,2.65756,
0.284976,0.29299,0.301108,
-0.929384,-0.951357,-0.973305,
2.65917,2.65756,2.65276,
0.29299,0.301108,0.318099,
-0.951357,-0.973305,-1.01521,
2.65756,2.65276,2.64967,
0.301108,0.318099,0.327891,
-0.973305,-1.01521,-1.03449,
2.65276,2.64967,2.64606,
0.318099,0.327891,0.337867,
-1.01521,-1.03449,-1.05219,
2.64967,2.64606,2.64148,
0.327891,0.337867,0.347774,
-1.03449,-1.05219,-1.0685,
2.64606,2.64148,2.63615,
0.337867,0.347774,0.356904,
-1.05219,-1.0685,-1.08375,
2.64148,2.63615,2.62311,
0.347774,0.356904,0.373616,
-1.0685,-1.08375,-1.10975,
2.63615,2.62311,2.6152,
0.356904,0.373616,0.381319,
-1.08375,-1.10975,-1.12029,
2.62311,2.6152,2.60602,
0.373616,0.381319,0.388317,
-1.10975,-1.12029,-1.1293,
2.6152,2.60602,2.58403,
0.381319,0.388317,0.398414,
-1.12029,-1.1293,-1.14395,
2.60602,2.58403,2.57147,
0.388317,0.398414,0.401784,
-1.1293,-1.14395,-1.14991,
2.58403,2.57147,2.55809,
0.398414,0.401784,0.404731,
-1.14395,-1.14991,-1.15521,
2.57147,2.55809,2.5442,
0.401784,0.404731,0.407209,
-1.14991,-1.15521,-1.16007,
2.55809,2.5442,2.52947,
0.404731,0.407209,0.409801,
-1.15521,-1.16007,-1.16484,
2.5442,2.52947,2.49804,
0.407209,0.409801,0.415482,
-1.16007,-1.16484,-1.17549,
2.52947,2.49804,2.48145,
0.409801,0.415482,0.418553,
-1.16484,-1.17549,-1.18158,
2.49804,2.48145,2.46432,
0.415482,0.418553,0.421396,
-1.17549,-1.18158,-1.18811,
2.48145,2.46432,2.42976,
0.418553,0.421396,0.42786,
-1.18158,-1.18811,-1.20249,
2.46432,2.42976,2.41281,
0.421396,0.42786,0.431379,
-1.18811,-1.20249,-1.21027,
2.42976,2.41281,2.39637,
0.42786,0.431379,0.434848,
-1.20249,-1.21027,-1.21837,
2.41281,2.39637,2.38076,
0.431379,0.434848,0.438496,
-1.21027,-1.21837,-1.22668,
2.39637,2.38076,2.36588,
0.434848,0.438496,0.442098,
-1.21837,-1.22668,-1.23481,
2.38076,2.36588,2.33931,
0.438496,0.442098,0.450393,
-1.22668,-1.23481,-1.25044,
2.36588,2.33931,2.32786,
0.442098,0.450393,0.454884,
-1.23481,-1.25044,-1.25792,
2.33931,2.32786,2.31776,
0.450393,0.454884,0.459211,
-1.25044,-1.25792,-1.26509,
2.32786,2.31776,2.30175,
0.454884,0.459211,0.469499,
-1.25792,-1.26509,-1.27789,
2.31776,2.30175,2.29528,
0.459211,0.469499,0.475033,
-1.26509,-1.27789,-1.28361,
2.30175,2.29528,2.28969,
0.469499,0.475033,0.480935,
-1.27789,-1.28361,-1.28873,
2.29528,2.28969,2.28524,
0.475033,0.480935,0.487256,
-1.28361,-1.28873,-1.29325,
2.28969,2.28524,2.28167,
0.480935,0.487256,0.493636,
-1.28873,-1.29325,-1.29711,
2.28524,2.28167,2.27637,
0.487256,0.493636,0.510599,
-1.29325,-1.29711,-1.3017,
2.28167,2.27637,2.27411,
0.493636,0.510599,0.522851,
-1.29711,-1.3017,-1.30223,
2.27637,2.27411,2.27239,
0.510599,0.522851,0.536526,
-1.3017,-1.30223,-1.30239,
2.27411,2.27239,2.27048,
0.522851,0.536526,0.565564,
-1.30223,-1.30239,-1.30256,
2.27239,2.27048,2.27056,
0.536526,0.565564,0.578756,
-1.30239,-1.30256,-1.30358,
2.27048,2.27056,2.27112,
0.565564,0.578756,0.589352,
-1.30256,-1.30358,-1.30579,
2.27056,2.27112,2.27173,
0.578756,0.589352,0.596881,
-1.30358,-1.30579,-1.30913,
2.27112,2.27173,2.2726,
0.589352,0.596881,0.601221,
-1.30579,-1.30913,-1.31381,
2.27173,2.2726,2.27517,
0.596881,0.601221,0.602622,
-1.30913,-1.31381,-1.32708,
2.2726,2.27517,2.27661,
0.601221,0.602622,0.60056,
-1.31381,-1.32708,-1.33526,
2.27517,2.27661,2.27794,
0.602622,0.60056,0.598088,
-1.32708,-1.33526,-1.34385,
2.27661,2.27794,2.28007,
0.60056,0.598088,0.594631,
-1.33526,-1.34385,-1.35978,
2.27794,2.28007,2.28108,
0.598088,0.594631,0.593402,
-1.34385,-1.35978,-1.36717,
2.28007,2.28108,2.28188,
0.594631,0.593402,0.592657,
-1.35978,-1.36717,-1.37439,
2.28108,2.28188,2.28249,
0.593402,0.592657,0.591533,
-1.36717,-1.37439,-1.38155,
2.28188,2.28249,2.28292,
0.592657,0.591533,0.589124,
-1.37439,-1.38155,-1.38912,
2.28249,2.28292,2.28453,
0.591533,0.589124,0.575796,
-1.38155,-1.38912,-1.40686,
2.28292,2.28453,2.28563,
0.589124,0.575796,0.564668,
-1.38912,-1.40686,-1.41708,
2.28453,2.28563,2.28662,
0.575796,0.564668,0.549975,
-1.40686,-1.41708,-1.42853,
2.28563,2.28662,2.2888,
0.564668,0.549975,0.51488,
-1.41708,-1.42853,-1.45289,
2.28662,2.2888,2.2902,
0.549975,0.51488,0.496601,
-1.42853,-1.45289,-1.4646,
2.2888,2.2902,2.29163,
0.51488,0.496601,0.478678,
-1.45289,-1.4646,-1.47548,
2.2902,2.29163,2.29319,
0.496601,0.478678,0.461389,
-1.4646,-1.47548,-1.48576,
2.29163,2.29319,2.29432,
0.478678,0.461389,0.444271,
-1.47548,-1.48576,-1.49526,
2.29319,2.29432,2.29614,
0.461389,0.444271,0.412865,
-1.48576,-1.49526,-1.51194,
2.29432,2.29614,2.29691,
0.444271,0.412865,0.398612,
-1.49526,-1.51194,-1.51911,
2.29614,2.29691,2.29733,
0.412865,0.398612,0.38488,
-1.51194,-1.51911,-1.52568,
2.29691,2.29733,2.2979,
0.398612,0.38488,0.357426,
-1.51911,-1.52568,-1.5358,
2.29733,2.2979,2.2988,
0.38488,0.357426,0.344026,
-1.52568,-1.5358,-1.53889,
2.2979,2.2988,2.30031,
0.357426,0.344026,0.330168,
-1.5358,-1.53889,-1.54075,
2.2988,2.30031,2.3029,
0.344026,0.330168,0.315578,
-1.53889,-1.54075,-1.54107,
2.30031,2.3029,2.30677,
0.330168,0.315578,0.30046,
-1.54075,-1.54107,-1.53966,
2.3029,2.30677,2.32014,
0.315578,0.30046,0.269816,
-1.54107,-1.53966,-1.53169,
2.30677,2.32014,2.32978,
0.30046,0.269816,0.253491,
-1.53966,-1.53169,-1.52549,
2.32014,2.32978,2.34159,
0.269816,0.253491,0.236547,
-1.53169,-1.52549,-1.51817,
2.32978,2.34159,2.37291,
0.253491,0.236547,0.203108,
-1.52549,-1.51817,-1.50138,
2.34159,2.37291,2.39248,
0.236547,0.203108,0.186419,
-1.51817,-1.50138,-1.49291,
2.37291,2.39248,2.41432,
0.203108,0.186419,0.170223,
-1.50138,-1.49291,-1.48477,
2.39248,2.41432,2.43832,
0.186419,0.170223,0.15552,
-1.49291,-1.48477,-1.477,
2.41432,2.43832,2.46398,
0.170223,0.15552,0.141842,
-1.48477,-1.477,-1.47012,
2.43832,2.46398,2.51971,
0.15552,0.141842,0.12206,
-1.477,-1.47012,-1.45938,
2.46398,2.51971,2.54914,
0.141842,0.12206,0.118898,
-1.47012,-1.45938,-1.45543,
2.51971,2.54914,2.5787,
0.12206,0.118898,0.120617,
-1.45938,-1.45543,-1.45226,
2.54914,2.5787,2.63656,
0.118898,0.120617,0.135032,
-1.45543,-1.45226,-1.44981,
2.5787,2.63656,2.66402,
0.120617,0.135032,0.147292,
-1.45226,-1.44981,-1.45046,
2.63656,2.66402,2.68996,
0.135032,0.147292,0.162151,
-1.44981,-1.45046,-1.45249,
2.66402,2.68996,2.71397,
0.147292,0.162151,0.178462,
-1.45046,-1.45249,-1.45602,
2.68996,2.71397,2.73639,
0.162151,0.178462,0.19532,
-1.45249,-1.45602,-1.46101,
2.71397,2.73639,2.77734,
0.178462,0.19532,0.229313,
-1.45602,-1.46101,-1.47353,
2.73639,2.77734,2.79582,
0.19532,0.229313,0.246013,
-1.46101,-1.47353,-1.48003,
2.77734,2.79582,2.81357,
0.229313,0.246013,0.262355,
-1.47353,-1.48003,-1.48634,
2.79582,2.81357,2.84763,
0.246013,0.262355,0.29586,
-1.48003,-1.48634,-1.49747,
2.81357,2.84763,2.86389,
0.262355,0.29586,0.31265,
-1.48634,-1.49747,-1.50197,
2.84763,2.86389,2.87944,
0.29586,0.31265,0.329294,
-1.49747,-1.50197,-1.50596,
2.86389,2.87944,2.89409,
0.31265,0.329294,0.345686,
-1.50197,-1.50596,-1.50935,
2.87944,2.89409,2.90784,
0.329294,0.345686,0.361707,
-1.50596,-1.50935,-1.51209,
2.89409,2.90784,2.93248,
0.345686,0.361707,0.392535,
-1.50935,-1.51209,-1.51533,
2.90784,2.93248,2.94317,
0.361707,0.392535,0.407109,
-1.51209,-1.51533,-1.51593,
2.93248,2.94317,2.95271,
0.392535,0.407109,0.421059,
-1.51533,-1.51593,-1.51582,
2.94317,2.95271,2.96819,
0.407109,0.421059,0.447822,
-1.51593,-1.51582,-1.51347,
2.95271,2.96819,2.97416,
0.421059,0.447822,0.460868,
-1.51582,-1.51347,-1.51137,
2.96819,2.97416,2.97872,
0.447822,0.460868,0.47332,
-1.51347,-1.51137,-1.50866,
2.97416,2.97872,2.98187,
0.460868,0.47332,0.485638,
-1.51137,-1.50866,-1.50536,
2.97872,2.98187,2.98367,
0.47332,0.485638,0.497527,
-1.50866,-1.50536,-1.50135,
2.98187,2.98367,2.98361,
0.485638,0.497527,0.516567,
-1.50536,-1.50135,-1.49202,
2.98367,2.98361,2.98263,
0.497527,0.516567,0.52202,
-1.50135,-1.49202,-1.48729,
2.98361,2.98263,2.98166,
0.516567,0.52202,0.524447,
-1.49202,-1.48729,-1.48255,
2.98263,2.98166,2.97974,
0.52202,0.524447,0.520721,
-1.48729,-1.48255,-1.47278,
2.98166,2.97974,2.97901,
0.524447,0.520721,0.514782,
-1.48255,-1.47278,-1.46767,
2.97974,2.97901,2.9785,
0.520721,0.514782,0.507168,
-1.47278,-1.46767,-1.46204,
2.97901,2.9785,2.97819,
0.514782,0.507168,0.499236,
-1.46767,-1.46204,-1.45555,
2.9785,2.97819,2.97807,
0.507168,0.499236,0.490709,
-1.46204,-1.45555,-1.44779,
2.97819,2.97807,2.97857,
0.499236,0.490709,0.472556,
-1.45555,-1.44779,-1.42864,
2.97807,2.97857,2.97959,
0.490709,0.472556,0.463599,
-1.44779,-1.42864,-1.41764,
2.97857,2.97959,2.98131,
0.472556,0.463599,0.454684,
-1.42864,-1.41764,-1.40587,
2.97959,2.98131,2.98735,
0.463599,0.454684,0.435456,
-1.41764,-1.40587,-1.38107,
2.98131,2.98735,2.99231,
0.454684,0.435456,0.425879,
-1.40587,-1.38107,-1.36847,
2.98735,2.99231,2.99864,
0.435456,0.425879,0.417323,
-1.38107,-1.36847,-1.3558,
2.99231,2.99864,3.00623,
0.425879,0.417323,0.409476,
-1.36847,-1.3558,-1.34337,
2.99864,3.00623,3.0149,
0.417323,0.409476,0.401842,
-1.3558,-1.34337,-1.33149,
3.00623,3.0149,3.03436,
0.409476,0.401842,0.386512,
-1.34337,-1.33149,-1.30937,
3.0149,3.03436,3.04427,
0.401842,0.386512,0.378538,
-1.33149,-1.30937,-1.29907,
3.03436,3.04427,3.05439,
0.386512,0.378538,0.371189,
-1.30937,-1.29907,-1.28929,
3.04427,3.05439,3.0744,
0.378538,0.371189,0.357815,
-1.29907,-1.28929,-1.27142,
3.05439,3.0744,3.0845,
0.371189,0.357815,0.351253,
-1.28929,-1.27142,-1.26368,
3.0744,3.0845,3.09479,
0.357815,0.351253,0.345218,
-1.27142,-1.26368,-1.25612,
3.0845,3.09479,3.10521,
0.351253,0.345218,0.339539,
-1.26368,-1.25612,-1.24839,
3.09479,3.10521,3.11668,
0.345218,0.339539,0.334644,
-1.25612,-1.24839,-1.24069,
3.10521,3.11668,3.14242,
0.339539,0.334644,0.325797,
-1.24839,-1.24069,-1.22399,
3.11668,3.14242,3.15758,
0.334644,0.325797,0.321703,
-1.24069,-1.22399,-1.21533,
3.14242,3.15758,3.17447,
0.325797,0.321703,0.318032,
-1.22399,-1.21533,-1.2073,
3.15758,3.17447,3.21377,
0.321703,0.318032,0.310945,
-1.21533,-1.2073,-1.19383,
3.17447,3.21377,3.23569,
0.318032,0.310945,0.307882,
-1.2073,-1.19383,-1.18926,
3.21377,3.23569,3.25827,
0.310945,0.307882,0.30507,
-1.19383,-1.18926,-1.18658,
3.23569,3.25827,3.28117,
0.307882,0.30507,0.302877,
-1.18926,-1.18658,-1.18576,
3.25827,3.28117,3.30408,
0.30507,0.302877,0.30134,
-1.18658,-1.18576,-1.18645,
3.28117,3.30408,3.34888,
0.302877,0.30134,0.30044,
-1.18576,-1.18645,-1.19127,
3.30408,3.34888,3.37059,
0.30134,0.30044,0.30029,
-1.18645,-1.19127,-1.1954,
3.34888,3.37059,3.39164,
0.30044,0.30029,0.300193,
-1.19127,-1.1954,-1.20003,
3.37059,3.39164,3.43159,
0.30029,0.300193,0.300812,
-1.1954,-1.20003,-1.20996,
3.39164,3.43159,3.45047,
0.300193,0.300812,0.300981,
-1.20003,-1.20996,-1.21454,
3.43159,3.45047,3.46874,
0.300812,0.300981,0.301206,
-1.20996,-1.21454,-1.21898,
3.45047,3.46874,3.48643,
0.300981,0.301206,0.301173,
-1.21454,-1.21898,-1.22298,
3.46874,3.48643,3.50369,
0.301206,0.301173,0.300764,
-1.21898,-1.22298,-1.22683,
3.48643,3.50369,3.53684,
0.301173,0.300764,0.301791,
-1.22298,-1.22683,-1.23332,
3.50369,3.53684,3.55308,
0.300764,0.301791,0.302443,
-1.22683,-1.23332,-1.23545,
3.53684,3.55308,3.56937,
0.301791,0.302443,0.303024,
-1.23332,-1.23545,-1.23663,
3.55308,3.56937,3.60283,
0.302443,0.303024,0.303806,
-1.23545,-1.23663,-1.23671,
3.56937,3.60283,3.62025,
0.303024,0.303806,0.303748,
-1.23663,-1.23671,-1.23555,
3.60283,3.62025,3.6384,
0.303806,0.303748,0.303129,
-1.23671,-1.23555,-1.23361,
3.62025,3.6384,3.65742,
0.303748,0.303129,0.301074,
-1.23555,-1.23361,-1.2308,
3.6384,3.65742,3.67727,
0.303129,0.301074,0.298153,
-1.23361,-1.2308,-1.22725,
3.65742,3.67727,3.71913,
0.301074,0.298153,0.290988,
-1.2308,-1.22725,-1.21786,
3.67727,3.71913,3.7404,
0.298153,0.290988,0.286388,
-1.22725,-1.21786,-1.21196,
3.71913,3.7404,3.76154,
0.290988,0.286388,0.281541,
-1.21786,-1.21196,-1.20522,
3.7404,3.76154,3.8032,
0.286388,0.281541,0.27169,
-1.21196,-1.20522,-1.18934,
3.76154,3.8032,3.82406,
0.281541,0.27169,0.266371,
-1.20522,-1.18934,-1.18008,
3.8032,3.82406,3.84513,
0.27169,0.266371,0.260791,
-1.18934,-1.18008,-1.17013,
3.82406,3.84513,3.86608,
0.266371,0.260791,0.254529,
-1.18008,-1.17013,-1.15966,
3.84513,3.86608,3.88719,
0.260791,0.254529,0.248167,
-1.17013,-1.15966,-1.14862,
3.86608,3.88719,3.92962,
0.254529,0.248167,0.234686,
-1.15966,-1.14862,-1.12374,
3.88719,3.92962,3.9508,
0.248167,0.234686,0.227568,
-1.14862,-1.12374,-1.11039,
3.92962,3.9508,3.97161,
0.234686,0.227568,0.220212,
-1.12374,-1.11039,-1.09689,
3.9508,3.97161,4.01176,
0.227568,0.220212,0.204569,
-1.11039,-1.09689,-1.06859,
3.97161,4.01176,4.03116,
0.220212,0.204569,0.196572,
-1.09689,-1.06859,-1.05403,
4.01176,4.03116,4.05012,
0.204569,0.196572,0.188963,
-1.06859,-1.05403,-1.03901,
4.03116,4.05012,4.06903,
0.196572,0.188963,0.181327,
-1.05403,-1.03901,-1.02354,
4.05012,4.06903,4.08789,
0.188963,0.181327,0.17377,
-1.03901,-1.02354,-1.0075,
4.06903,4.08789,4.12549,
0.181327,0.17377,0.159884,
-1.02354,-1.0075,-0.974111,
4.08789,4.12549,4.14449,
0.17377,0.159884,0.153687,
-1.0075,-0.974111,-0.95687,
4.12549,4.14449,4.16348,
0.159884,0.153687,0.147926,
-0.974111,-0.95687,-0.93936,
4.14449,4.16348,4.20041,
0.153687,0.147926,0.138823,
-0.95687,-0.93936,-0.904194,
4.16348,4.20041,4.21804,
0.147926,0.138823,0.135276,
-0.93936,-0.904194,-0.886748,
4.20041,4.21804,4.23468,
0.138823,0.135276,0.131413,
-0.904194,-0.886748,-0.870149,
4.21804,4.23468,4.25044,
0.135276,0.131413,0.126729,
-0.886748,-0.870149,-0.854937,
4.23468,4.25044,4.26518,
0.131413,0.126729,0.120056,
-0.870149,-0.854937,-0.841858,
4.25044,4.26518,4.29152,
0.126729,0.120056,0.101517,
-0.854937,-0.841858,-0.823584,
4.26518,4.29152,4.30286,
0.120056,0.101517,0.0900197,
-0.841858,-0.823584,-0.818226,
4.29152,4.30286,4.313,
0.101517,0.0900197,0.0771727,
-0.823584,-0.818226,-0.814832,
4.30286,4.313,4.32913,
0.0900197,0.0771727,0.0528166,
-0.818226,-0.814832,-0.812093,
4.313,4.32913,4.33545,
0.0771727,0.0528166,0.0429111,
-0.814832,-0.812093,-0.812794,
4.32913,4.33545,4.34089,
0.0528166,0.0429111,0.0337567,
-0.812093,-0.812794,-0.814135,
4.33545,4.34089,4.34568,
0.0429111,0.0337567,0.025122,
-0.812794,-0.814135,-0.816249,
4.34089,4.34568,4.35031,
0.0337567,0.025122,0.017339,
-0.814135,-0.816249,-0.818942,
4.34568,4.35031,4.35941,
0.025122,0.017339,0.00217401,
-0.816249,-0.818942,-0.827,
4.35031,4.35941,4.36337,
0.017339,0.00217401,-0.00546128,
-0.818942,-0.827,-0.831657,
4.35941,4.36337,4.36677,
0.00217401,-0.00546128,-0.0130138,
-0.827,-0.831657,-0.836656,
4.36337,4.36677,4.37151,
-0.00546128,-0.0130138,-0.028917,
-0.831657,-0.836656,-0.848435,
4.36677,4.37151,4.37242,
-0.0130138,-0.028917,-0.0374256,
-0.836656,-0.848435,-0.854888,
4.37151,4.37242,4.37252,
-0.028917,-0.0374256,-0.045831,
-0.848435,-0.854888,-0.861486,
4.37242,4.37252,4.37173,
-0.0374256,-0.045831,-0.0543053,
-0.854888,-0.861486,-0.868099,
4.37252,4.37173,4.37012,
-0.045831,-0.0543053,-0.0622237,
-0.861486,-0.868099,-0.874885,
4.37173,4.37012,4.3661,
-0.0543053,-0.0622237,-0.0740586,
-0.868099,-0.874885,-0.888011,
4.37012,4.3661,4.36418,
-0.0622237,-0.0740586,-0.0785299,
-0.874885,-0.888011,-0.8948,
4.3661,4.36418,4.36216,
-0.0740586,-0.0785299,-0.0821691,
-0.888011,-0.8948,-0.901578,
4.36418,4.36216,4.35701,
-0.0785299,-0.0821691,-0.0876495,
-0.8948,-0.901578,-0.914874,
4.36216,4.35701,4.35331,
-0.0821691,-0.0876495,-0.0895167,
-0.901578,-0.914874,-0.92118,
4.35701,4.35331,4.34859,
-0.0876495,-0.0895167,-0.091054,
-0.914874,-0.92118,-0.926966,
4.35331,4.34859,4.34249,
-0.0895167,-0.091054,-0.0917868,
-0.92118,-0.926966,-0.932049,
4.34859,4.34249,4.3351,
-0.091054,-0.0917868,-0.0921661,
-0.926966,-0.932049,-0.936348,
4.34249,4.3351,4.31736,
-0.0917868,-0.0921661,-0.0945974,
-0.932049,-0.936348,-0.941903,
4.3351,4.31736,4.30727,
-0.0921661,-0.0945974,-0.0957241,
-0.936348,-0.941903,-0.943418,
4.31736,4.30727,4.29648,
-0.0945974,-0.0957241,-0.0966996,
-0.941903,-0.943418,-0.944435,
4.30727,4.29648,4.2728,
-0.0957241,-0.0966996,-0.0981716,
-0.943418,-0.944435,-0.944508,
4.29648,4.2728,4.26026,
-0.0966996,-0.0981716,-0.0995222,
-0.944435,-0.944508,-0.943859,
4.2728,4.26026,4.24733,
-0.0981716,-0.0995222,-0.101051,
-0.944508,-0.943859,-0.942852,
4.26026,4.24733,4.23375,
-0.0995222,-0.101051,-0.102559,
-0.943859,-0.942852,-0.941515,
4.24733,4.23375,4.21946,
-0.101051,-0.102559,-0.1042,
-0.942852,-0.941515,-0.940045,
4.23375,4.21946,4.18874,
-0.102559,-0.1042,-0.107611,
-0.941515,-0.940045,-0.935015,
4.21946,4.18874,4.17274,
-0.1042,-0.107611,-0.108769,
-0.940045,-0.935015,-0.931565,
4.18874,4.17274,4.15646,
-0.107611,-0.108769,-0.109816,
-0.935015,-0.931565,-0.928062,
4.17274,4.15646,4.12337,
-0.108769,-0.109816,-0.112279,
-0.931565,-0.928062,-0.921661,
4.15646,4.12337,4.10696,
-0.109816,-0.112279,-0.113279,
-0.928062,-0.921661,-0.919088,
4.12337,4.10696,4.09076,
-0.112279,-0.113279,-0.114844,
-0.921661,-0.919088,-0.916851,
4.10696,4.09076,4.07444,
-0.113279,-0.114844,-0.116365,
-0.919088,-0.916851,-0.914838,
4.09076,4.07444,4.05803,
-0.114844,-0.116365,-0.117737,
-0.916851,-0.914838,-0.912819,
4.07444,4.05803,4.02545,
-0.116365,-0.117737,-0.121119,
-0.914838,-0.912819,-0.9098,
4.05803,4.02545,4.00912,
-0.117737,-0.121119,-0.122583,
-0.912819,-0.9098,-0.909256,
4.02545,4.00912,3.99307,
-0.121119,-0.122583,-0.124349,
-0.9098,-0.909256,-0.909148,
4.00912,3.99307,3.96147,
-0.122583,-0.124349,-0.126952,
-0.909256,-0.909148,-0.909717,
3.99307,3.96147,3.94641,
-0.124349,-0.126952,-0.127527,
-0.909148,-0.909717,-0.910797,
3.96147,3.94641,3.93243,
-0.126952,-0.127527,-0.127842,
-0.909717,-0.910797,-0.91238,
3.94641,3.93243,3.91936,
-0.127527,-0.127842,-0.127747,
-0.910797,-0.91238,-0.914656,
3.93243,3.91936,3.90689,
-0.127842,-0.127747,-0.127315,
-0.91238,-0.914656,-0.917673,
3.91936,3.90689,3.88393,
-0.127747,-0.127315,-0.12288,
-0.914656,-0.917673,-0.925052,
3.90689,3.88393,3.87352,
-0.127315,-0.12288,-0.119279,
-0.917673,-0.925052,-0.928837,
3.88393,3.87352,3.86381,
-0.12288,-0.119279,-0.114329,
-0.925052,-0.928837,-0.932468,
3.87352,3.86381,3.84573,
-0.119279,-0.114329,-0.101867,
-0.928837,-0.932468,-0.939623,
3.86381,3.84573,3.83718,
-0.114329,-0.101867,-0.0950855,
-0.932468,-0.939623,-0.94273,
3.84573,3.83718,3.82851,
-0.101867,-0.0950855,-0.0873272,
-0.939623,-0.94273,-0.944619,
3.83718,3.82851,3.81962,
-0.0950855,-0.0873272,-0.0797606,
-0.94273,-0.944619,-0.945221,
3.82851,3.81962,3.81057,
-0.0873272,-0.0797606,-0.0728845,
-0.944619,-0.945221,-0.944058,
3.81962,3.81057,3.79252,
-0.0797606,-0.0728845,-0.0607192,
-0.945221,-0.944058,-0.935202,
3.81057,3.79252,3.7837,
-0.0728845,-0.0607192,-0.0553316,
-0.944058,-0.935202,-0.927778,
3.79252,3.7837,3.77506,
-0.0607192,-0.0553316,-0.0504154,
-0.935202,-0.927778,-0.918609,
3.7837,3.77506,3.75791,
-0.0553316,-0.0504154,-0.0401126,
-0.927778,-0.918609,-0.895853,
3.77506,3.75791,3.74942,
-0.0504154,-0.0401126,-0.0345735,
-0.918609,-0.895853,-0.882862,
3.75791,3.74942,3.74099,
-0.0401126,-0.0345735,-0.0289161,
-0.895853,-0.882862,-0.869018,
3.74942,3.74099,3.73263,
-0.0345735,-0.0289161,-0.0232945,
-0.882862,-0.869018,-0.854258,
3.74099,3.73263,3.72419,
-0.0289161,-0.0232945,-0.0181969,
-0.869018,-0.854258,-0.839222,
3.73263,3.72419,3.70567,
-0.0232945,-0.0181969,-0.00790171,
-0.854258,-0.839222,-0.809035,
3.72419,3.70567,3.69555,
-0.0181969,-0.00790171,-0.00259331,
-0.839222,-0.809035,-0.793868,
3.70567,3.69555,3.68511,
-0.00790171,-0.00259331,0.00236296,
-0.809035,-0.793868,-0.778877,
3.69555,3.68511,3.66358,
-0.00259331,0.00236296,0.0108709,
-0.793868,-0.778877,-0.749303,
3.68511,3.66358,3.65273,
0.00236296,0.0108709,0.0143812,
-0.778877,-0.749303,-0.734466,
3.66358,3.65273,3.64145,
0.0108709,0.0143812,0.0173962,
-0.749303,-0.734466,-0.719586,
3.65273,3.64145,3.62986,
0.0143812,0.0173962,0.0198967,
-0.734466,-0.719586,-0.704665,
3.64145,3.62986,3.61832,
0.0173962,0.0198967,0.0220254,
-0.719586,-0.704665,-0.689678,
3.62986,3.61832,3.5957,
0.0198967,0.0220254,0.025084,
-0.704665,-0.689678,-0.659931,
3.61832,3.5957,3.58484,
0.0220254,0.025084,0.0262545,
-0.689678,-0.659931,-0.645046,
3.5957,3.58484,3.57423,
0.025084,0.0262545,0.0272354,
-0.659931,-0.645046,-0.63025,
3.58484,3.57423,3.55365,
0.0262545,0.0272354,0.0290104,
-0.645046,-0.63025,-0.601629,
3.57423,3.55365,3.54365,
0.0272354,0.0290104,0.0299968,
-0.63025,-0.601629,-0.587856,
3.55365,3.54365,3.53405,
0.0290104,0.0299968,0.0312544,
-0.601629,-0.587856,-0.574826,
3.54365,3.53405,3.52482,
0.0299968,0.0312544,0.0324977,
-0.587856,-0.574826,-0.562863,
3.53405,3.52482,3.5159,
0.0312544,0.0324977,0.0340906,
-0.574826,-0.562863,-0.552236,
3.52482,3.5159,3.49886,
0.0324977,0.0340906,0.0387016,
-0.562863,-0.552236,-0.534212,
3.5159,3.49886,3.49118,
0.0340906,0.0387016,0.0415923,
-0.552236,-0.534212,-0.526925,
3.49886,3.49118,3.48409,
0.0387016,0.0415923,0.0447301,
-0.534212,-0.526925,-0.521116,
3.49118,3.48409,3.47163,
0.0415923,0.0447301,0.0528703,
-0.526925,-0.521116,-0.513331,
3.48409,3.47163,3.46605,
0.0447301,0.0528703,0.0579977,
-0.521116,-0.513331,-0.511648,
3.47163,3.46605,3.46094,
0.0528703,0.0579977,0.0634546,
-0.513331,-0.511648,-0.511596,
3.46605,3.46094,3.45598,
0.0579977,0.0634546,0.0693445,
-0.511648,-0.511596,-0.512919,
3.46094,3.45598,3.45107,
0.0634546,0.0693445,0.0758939,
-0.511596,-0.512919,-0.515578,
3.45598,3.45107,3.44199,
0.0693445,0.0758939,0.0905098,
-0.512919,-0.515578,-0.522847,
3.45107,3.44199,3.4382,
0.0758939,0.0905098,0.0985319,
-0.515578,-0.522847,-0.52683,
3.44199,3.4382,3.43518,
0.0905098,0.0985319,0.106886,
-0.522847,-0.52683,-0.530794,
3.4382,3.43518,3.43268,
0.0985319,0.106886,0.124329,
-0.52683,-0.530794,-0.538216,
3.43518,3.43268,3.43428,
0.106886,0.124329,0.133011,
-0.530794,-0.538216,-0.542273,
3.43268,3.43428,3.43818,
0.124329,0.133011,0.141259,
-0.538216,-0.542273,-0.546584,
3.43428,3.43818,3.44433,
0.133011,0.141259,0.1493,
-0.542273,-0.546584,-0.550983,
3.43818,3.44433,3.45304,
0.141259,0.1493,0.157027,
-0.546584,-0.550983,-0.555499,
3.44433,3.45304,3.4761,
0.1493,0.157027,0.172173,
